src,hrc_key,desired_metric,achieved_metric,distance_index,distance
Barbara_(test_image).jpg,A,1,1,None,0
Barbara_(test_image).jpg,B,0.49671729208,0.4938089847564697,22,0.002908307323530257
Barbara_(test_image).jpg,C,0.29540420891200003,0.29659929871559143,9,0.0011950898035913982
Barbara_(test_image).jpg,D,0.21487897564480002,0.22084763646125793,6,0.005968660816457916
Barbara_(test_image).jpg,E,0.1611954868,0.1614752560853958,4,0.00027976928539580337
Lenna_(test_image).png,A,1,1,None,0
Lenna_(test_image).png,B,0.49671729208,0.4945971369743347,21,0.0021201551056652668
Lenna_(test_image).png,C,0.29540420891200003,0.2958945631980896,9,0.0004903542860895671
Lenna_(test_image).png,D,0.21487897564480002,0.22388985753059387,6,0.009010881885793853
Lenna_(test_image).png,E,0.1611954868,0.1698766052722931,4,0.008681118472293081
People_001_h.jpg,A,1,1,None,0
People_001_h.jpg,B,0.49671729208,0.49317479133605957,26,0.0035425007439404133
People_001_h.jpg,C,0.29540420891200003,0.2898508310317993,10,0.005553377880200716
People_001_h.jpg,D,0.21487897564480002,0.2251504510641098,7,0.010271475419309783
People_001_h.jpg,E,0.1611954868,0.14722184836864471,4,0.013973638431355295
People_002_v.jpg,A,1,1,None,0
People_002_v.jpg,B,0.49671729208,0.49731868505477905,17,0.0006013929747790692
People_002_v.jpg,C,0.29540420891200003,0.2877318561077118,7,0.0076723528042882405
People_002_v.jpg,D,0.21487897564480002,0.22239094972610474,5,0.0075119740813047176
People_002_v.jpg,E,0.1611954868,0.14612768590450287,3,0.015067800895497141
People_003_h.jpg,A,1,1,None,0
People_003_h.jpg,B,0.49671729208,0.5022470951080322,22,0.005529803028032243
People_003_h.jpg,C,0.29540420891200003,0.3013838827610016,10,0.005979673849001554
People_003_h.jpg,D,0.21487897564480002,0.20328263938426971,6,0.011596336260530304
People_003_h.jpg,E,0.1611954868,0.15043824911117554,4,0.010757237688824473
People_004_h.jpg,A,1,1,None,0
People_004_h.jpg,B,0.49671729208,0.4914030134677887,21,0.005314278612211287
People_004_h.jpg,C,0.29540420891200003,0.2946177124977112,9,0.0007864964142888509
People_004_h.jpg,D,0.21487897564480002,0.22501394152641296,6,0.010134965881612945
People_004_h.jpg,E,0.1611954868,0.16734398901462555,4,0.00614850221462554
People_005_h.jpg,A,1,1,None,0
People_005_h.jpg,B,0.49671729208,0.4998530149459839,21,0.003135722865983903
People_005_h.jpg,C,0.29540420891200003,0.28722333908081055,9,0.008180869831189486
People_005_h.jpg,D,0.21487897564480002,0.2100791335105896,6,0.004799842134210419
People_005_h.jpg,E,0.1611954868,0.1479884535074234,4,0.013207033292576609
People_006_h.jpg,A,1,1,None,0
People_006_h.jpg,B,0.49671729208,0.49682310223579407,22,0.00010581015579408382
People_006_h.jpg,C,0.29540420891200003,0.2920827865600586,9,0.0033214223519414388
People_006_h.jpg,D,0.21487897564480002,0.21697525680065155,6,0.0020962811558515315
People_006_h.jpg,E,0.1611954868,0.1706300526857376,4,0.0094345658857376
People_007_h.jpg,A,1,1,None,0
People_007_h.jpg,B,0.49671729208,0.5013653635978699,21,0.0046480715178698895
People_007_h.jpg,C,0.29540420891200003,0.2837953269481659,8,0.011608881963834139
People_007_h.jpg,D,0.21487897564480002,0.20755457878112793,5,0.007324396863672089
People_007_h.jpg,E,0.1611954868,0.17177487909793854,4,0.010579392297938528
People_008_h.jpg,A,1,1,None,0
People_008_h.jpg,B,0.49671729208,0.4911441206932068,18,0.0055731713867931965
People_008_h.jpg,C,0.29540420891200003,0.3057163953781128,8,0.01031218646611276
People_008_h.jpg,D,0.21487897564480002,0.21954010426998138,5,0.0046611286251813655
People_008_h.jpg,E,0.1611954868,0.1449059247970581,3,0.016289562002941904
People_009_h.jpg,A,1,1,None,0
People_009_h.jpg,B,0.49671729208,0.4979808032512665,18,0.001263511171266496
People_009_h.jpg,C,0.29540420891200003,0.29448622465133667,7,0.0009179842606633626
People_009_h.jpg,D,0.21487897564480002,0.20658305287361145,4,0.008295922771188569
People_009_h.jpg,E,0.1611954868,0.16924989223480225,3,0.008054405434802236
People_010_h.jpg,A,1,1,None,0
People_010_h.jpg,B,0.49671729208,0.4975236654281616,21,0.0008063733481616375
People_010_h.jpg,C,0.29540420891200003,0.2941610813140869,9,0.0012431275979131184
People_010_h.jpg,D,0.21487897564480002,0.2239193320274353,6,0.009040356382635284
People_010_h.jpg,E,0.1611954868,0.16338276863098145,4,0.0021872818309814357
People_011_h.jpg,A,1,1,None,0
People_011_h.jpg,B,0.49671729208,0.49416670203208923,22,0.00255059004791075
People_011_h.jpg,C,0.29540420891200003,0.2914673984050751,9,0.003936810506924959
People_011_h.jpg,D,0.21487897564480002,0.2198055535554886,6,0.004926577910688568
People_011_h.jpg,E,0.1611954868,0.1603548675775528,4,0.0008406192224472142
People_012_h.jpg,A,1,1,None,0
People_012_h.jpg,B,0.49671729208,0.49458467960357666,19,0.0021326124764233234
People_012_h.jpg,C,0.29540420891200003,0.3005380928516388,9,0.0051338839396387614
People_012_h.jpg,D,0.21487897564480002,0.21638427674770355,6,0.0015053011029035335
People_012_h.jpg,E,0.1611954868,0.15065598487854004,4,0.01053950192145997
People_013_v.jpg,A,1,1,None,0
People_013_v.jpg,B,0.49671729208,0.4962886869907379,19,0.00042860508926206853
People_013_v.jpg,C,0.29540420891200003,0.29334884881973267,8,0.0020553600922673665
People_013_v.jpg,D,0.21487897564480002,0.20646154880523682,5,0.008417426839563202
People_013_v.jpg,E,0.1611954868,0.17064641416072845,4,0.009450927360728445
People_014_h.jpg,A,1,1,None,0
People_014_h.jpg,B,0.49671729208,0.4981692433357239,19,0.0014519512557238934
People_014_h.jpg,C,0.29540420891200003,0.30558523535728455,8,0.010181026445284513
People_014_h.jpg,D,0.21487897564480002,0.2231009155511856,5,0.00822193990638559
People_014_h.jpg,E,0.1611954868,0.15344707667827606,3,0.007748410121723948
People_015_h.jpg,A,1,1,None,0
People_015_h.jpg,B,0.49671729208,0.4982856214046478,20,0.0015683293246478436
People_015_h.jpg,C,0.29540420891200003,0.3030981421470642,9,0.0076939332350641765
People_015_h.jpg,D,0.21487897564480002,0.22111554443836212,6,0.006236568793562103
People_015_h.jpg,E,0.1611954868,0.1603551208972931,4,0.0008403659027069188
People_016_h.jpg,A,1,1,None,0
People_016_h.jpg,B,0.49671729208,0.5008237957954407,21,0.00410650371544069
People_016_h.jpg,C,0.29540420891200003,0.3020913004875183,9,0.006687091575518278
People_016_h.jpg,D,0.21487897564480002,0.20856204628944397,5,0.006316929355356049
People_016_h.jpg,E,0.1611954868,0.17635290324687958,4,0.015157416446879568
People_017_h.jpg,A,1,1,None,0
People_017_h.jpg,B,0.49671729208,0.5036497116088867,22,0.006932419528886735
People_017_h.jpg,C,0.29540420891200003,0.29776936769485474,10,0.002365158782854704
People_017_h.jpg,D,0.21487897564480002,0.2247622162103653,7,0.009883240565565277
People_017_h.jpg,E,0.1611954868,0.17126867175102234,5,0.01007318495102233
People_018_h.jpg,A,1,1,None,0
People_018_h.jpg,B,0.49671729208,0.5014597773551941,22,0.004742485275194108
People_018_h.jpg,C,0.29540420891200003,0.3061404824256897,10,0.010736273513689665
People_018_h.jpg,D,0.21487897564480002,0.20855116844177246,6,0.006327807203027558
People_018_h.jpg,E,0.1611954868,0.15411339700222015,4,0.007082089797779856
People_019_v.jpg,A,1,1,None,0
People_019_v.jpg,B,0.49671729208,0.49678727984428406,23,6.998776428407405e-05
People_019_v.jpg,C,0.29540420891200003,0.3025149703025818,10,0.007110761390581755
People_019_v.jpg,D,0.21487897564480002,0.2132323980331421,6,0.001646577611657929
People_019_v.jpg,E,0.1611954868,0.15922510623931885,4,0.001970380560681162
People_020_h.jpg,A,1,1,None,0
People_020_h.jpg,B,0.49671729208,0.49561959505081177,21,0.001097697029188216
People_020_h.jpg,C,0.29540420891200003,0.294705867767334,9,0.0006983411446660481
People_020_h.jpg,D,0.21487897564480002,0.21525701880455017,6,0.0003780431597501521
People_020_h.jpg,E,0.1611954868,0.15509159862995148,4,0.006103888170048533
People_021_h.jpg,A,1,1,None,0
People_021_h.jpg,B,0.49671729208,0.49341246485710144,21,0.003304827222898543
People_021_h.jpg,C,0.29540420891200003,0.2955623269081116,9,0.00015811799611153976
People_021_h.jpg,D,0.21487897564480002,0.22112323343753815,6,0.006244257792738128
People_021_h.jpg,E,0.1611954868,0.16597877442836761,4,0.004783287628367605
People_022_h.jpg,A,1,1,None,0
People_022_h.jpg,B,0.49671729208,0.49270811676979065,19,0.004009175310209334
People_022_h.jpg,C,0.29540420891200003,0.29022297263145447,8,0.005181236280545565
People_022_h.jpg,D,0.21487897564480002,0.20247839391231537,5,0.01240058173248465
People_022_h.jpg,E,0.1611954868,0.16636408865451813,4,0.005168601854518118
People_023_h.jpg,A,1,1,None,0
People_023_h.jpg,B,0.49671729208,0.4952949285507202,21,0.0014223635292797687
People_023_h.jpg,C,0.29540420891200003,0.29578760266304016,9,0.00038339375104012863
People_023_h.jpg,D,0.21487897564480002,0.22070714831352234,6,0.00582817266872232
People_023_h.jpg,E,0.1611954868,0.16343969106674194,4,0.0022442042667419337
People_024_v.jpg,A,1,1,None,0
People_024_v.jpg,B,0.49671729208,0.4946955144405365,20,0.0020217776394634845
People_024_v.jpg,C,0.29540420891200003,0.30626899003982544,9,0.010864781127825407
People_024_v.jpg,D,0.21487897564480002,0.228241428732872,6,0.01336245308807199
People_024_v.jpg,E,0.1611954868,0.1671397089958191,4,0.005944222195819082
People_025_v.jpg,A,1,1,None,0
People_025_v.jpg,B,0.49671729208,0.5020352602005005,22,0.005317968120500505
People_025_v.jpg,C,0.29540420891200003,0.29994720220565796,10,0.0045429932936579265
People_025_v.jpg,D,0.21487897564480002,0.20430871844291687,6,0.010570257201883149
People_025_v.jpg,E,0.1611954868,0.14735810458660126,4,0.013837382213398752
People_026_h.jpg,A,1,1,None,0
People_026_h.jpg,B,0.49671729208,0.49195754528045654,20,0.004759746799543441
People_026_h.jpg,C,0.29540420891200003,0.2833620607852936,8,0.012042148126706453
People_026_h.jpg,D,0.21487897564480002,0.19998416304588318,5,0.01489481259891684
People_026_h.jpg,E,0.1611954868,0.16638466715812683,4,0.0051891803581268214
People_027_h.jpg,A,1,1,None,0
People_027_h.jpg,B,0.49671729208,0.49206215143203735,18,0.00465514064796263
People_027_h.jpg,C,0.29540420891200003,0.28600645065307617,7,0.00939775825892386
People_027_h.jpg,D,0.21487897564480002,0.22567349672317505,5,0.01079452107837503
People_027_h.jpg,E,0.1611954868,0.1485115885734558,3,0.012683898226544199
People_028_h.jpg,A,1,1,None,0
People_028_h.jpg,B,0.49671729208,0.49299341440200806,23,0.003723877677991927
People_028_h.jpg,C,0.29540420891200003,0.29746025800704956,10,0.002056049095049528
People_028_h.jpg,D,0.21487897564480002,0.20946241915225983,6,0.005416556492540192
People_028_h.jpg,E,0.1611954868,0.15457475185394287,4,0.0066207349460571385
People_029_h.jpg,A,1,1,None,0
People_029_h.jpg,B,0.49671729208,0.4990434944629669,20,0.0023262023829669354
People_029_h.jpg,C,0.29540420891200003,0.30125877261161804,9,0.0058545636996180095
People_029_h.jpg,D,0.21487897564480002,0.22238631546497345,6,0.007507339820173431
People_029_h.jpg,E,0.1611954868,0.15780211985111237,4,0.003393366948887644
People_030_h.jpg,A,1,1,None,0
People_030_h.jpg,B,0.49671729208,0.5013144016265869,24,0.0045971095465869305
People_030_h.jpg,C,0.29540420891200003,0.28994622826576233,10,0.005457980646237703
People_030_h.jpg,D,0.21487897564480002,0.2230103760957718,7,0.00813140045097177
People_030_h.jpg,E,0.1611954868,0.17304551601409912,5,0.011850029214099111
People_031_v.jpg,A,1,1,None,0
People_031_v.jpg,B,0.49671729208,0.4929357171058655,34,0.003781574974134505
People_031_v.jpg,C,0.29540420891200003,0.29306918382644653,15,0.0023350250855534993
People_031_v.jpg,D,0.21487897564480002,0.22019468247890472,10,0.005315706834104705
People_031_v.jpg,E,0.1611954868,0.16505475342273712,7,0.003859266622737112
People_032_h.jpg,A,1,1,None,0
People_032_h.jpg,B,0.49671729208,0.4954458773136139,20,0.001271414766386092
People_032_h.jpg,C,0.29540420891200003,0.28916850686073303,8,0.006235702051267
People_032_h.jpg,D,0.21487897564480002,0.21367105841636658,5,0.0012079172284334416
People_032_h.jpg,E,0.1611954868,0.17456655204296112,4,0.013371065242961111
People_033_h.jpg,A,1,1,None,0
People_033_h.jpg,B,0.49671729208,0.49330663681030273,25,0.003410655269697249
People_033_h.jpg,C,0.29540420891200003,0.2906193733215332,11,0.004784835590466829
People_033_h.jpg,D,0.21487897564480002,0.20303520560264587,7,0.011843770042154145
People_033_h.jpg,E,0.1611954868,0.15035387873649597,5,0.010841608063504038
People_034_h.jpg,A,1,1,None,0
People_034_h.jpg,B,0.49671729208,0.5026847124099731,22,0.005967420329973161
People_034_h.jpg,C,0.29540420891200003,0.28413060307502747,9,0.011273605836972567
People_034_h.jpg,D,0.21487897564480002,0.2055416852235794,6,0.009337290421220612
People_034_h.jpg,E,0.1611954868,0.17679157853126526,5,0.01559609173126525
People_035_h.jpg,A,1,1,None,0
People_035_h.jpg,B,0.49671729208,0.49386516213417053,20,0.0028521299458294513
People_035_h.jpg,C,0.29540420891200003,0.28521978855133057,8,0.010184420360669466
People_035_h.jpg,D,0.21487897564480002,0.20554213225841522,5,0.009336843386384797
People_035_h.jpg,E,0.1611954868,0.17304155230522156,4,0.011846065505221548
People_036_h.jpg,A,1,1,None,0
People_036_h.jpg,B,0.49671729208,0.49271607398986816,21,0.0040012180901318195
People_036_h.jpg,C,0.29540420891200003,0.3040561378002167,10,0.008651928888216642
People_036_h.jpg,D,0.21487897564480002,0.2019287794828415,6,0.012950196161958527
People_036_h.jpg,E,0.1611954868,0.17326265573501587,5,0.01206716893501586
People_037_h.jpg,A,1,1,None,0
People_037_h.jpg,B,0.49671729208,0.4973869323730469,22,0.0006696402930468914
People_037_h.jpg,C,0.29540420891200003,0.30430126190185547,11,0.008897052989855436
People_037_h.jpg,D,0.21487897564480002,0.20726649463176727,7,0.007612481013032746
People_037_h.jpg,E,0.1611954868,0.15543232858181,5,0.005763158218190012
People_038_h.jpg,A,1,1,None,0
People_038_h.jpg,B,0.49671729208,0.4906392991542816,20,0.006077992925718367
People_038_h.jpg,C,0.29540420891200003,0.30004173517227173,9,0.004637526260271696
People_038_h.jpg,D,0.21487897564480002,0.22362957894802094,6,0.008750603303220916
People_038_h.jpg,E,0.1611954868,0.16287635266780853,4,0.001680865867808523
People_039_v.jpg,A,1,1,None,0
People_039_v.jpg,B,0.49671729208,0.49891942739486694,24,0.00220213531486696
People_039_v.jpg,C,0.29540420891200003,0.29960426688194275,11,0.0042000579699427165
People_039_v.jpg,D,0.21487897564480002,0.20702381432056427,7,0.007855161324235749
People_039_v.jpg,E,0.1611954868,0.1513546258211136,5,0.009840860978886423
People_040_h.jpg,A,1,1,None,0
People_040_h.jpg,B,0.49671729208,0.5036740303039551,35,0.0069567382239550946
People_040_h.jpg,C,0.29540420891200003,0.2894943952560425,16,0.005909813655957552
People_040_h.jpg,D,0.21487897564480002,0.21166709065437317,11,0.00321188499042685
People_040_h.jpg,E,0.1611954868,0.16317138075828552,8,0.001975893958285513
People_041_h.jpg,A,1,1,None,0
People_041_h.jpg,B,0.49671729208,0.4982754588127136,20,0.0015581667327136395
People_041_h.jpg,C,0.29540420891200003,0.29844945669174194,8,0.003045247779741911
People_041_h.jpg,D,0.21487897564480002,0.21800479292869568,5,0.00312581728389566
People_041_h.jpg,E,0.1611954868,0.14594772458076477,3,0.015247762219235239
People_042_h.jpg,A,1,1,None,0
People_042_h.jpg,B,0.49671729208,0.4995027780532837,24,0.002785485973283708
People_042_h.jpg,C,0.29540420891200003,0.3004869818687439,11,0.005082772956743864
People_042_h.jpg,D,0.21487897564480002,0.21163006126880646,7,0.0032489143759935613
People_042_h.jpg,E,0.1611954868,0.16162410378456116,5,0.0004286169845611476
People_043_h.jpg,A,1,1,None,0
People_043_h.jpg,B,0.49671729208,0.49589136242866516,18,0.0008259296513348224
People_043_h.jpg,C,0.29540420891200003,0.2915373146533966,8,0.003866894258603426
People_043_h.jpg,D,0.21487897564480002,0.20285344123840332,5,0.012025534406396698
People_043_h.jpg,E,0.1611954868,0.16868704557418823,4,0.007491558774188223
People_044_h.jpg,A,1,1,None,0
People_044_h.jpg,B,0.49671729208,0.48984912037849426,20,0.006868171701505721
People_044_h.jpg,C,0.29540420891200003,0.2930850386619568,9,0.0023191702500432454
People_044_h.jpg,D,0.21487897564480002,0.2104649543762207,6,0.004414021268579316
People_044_h.jpg,E,0.1611954868,0.1784452348947525,5,0.017249748094752493
People_045_h.jpg,A,1,1,None,0
People_045_h.jpg,B,0.49671729208,0.494817852973938,38,0.0018994391060619953
People_045_h.jpg,C,0.29540420891200003,0.28994715213775635,17,0.005457056774243685
People_045_h.jpg,D,0.21487897564480002,0.2091137319803238,11,0.005765243664476227
People_045_h.jpg,E,0.1611954868,0.16814763844013214,8,0.0069521516401321315
People_046_h.jpg,A,1,1,None,0
People_046_h.jpg,B,0.49671729208,0.5049833059310913,22,0.008266013851091325
People_046_h.jpg,C,0.29540420891200003,0.2938801646232605,9,0.0015240442887395345
People_046_h.jpg,D,0.21487897564480002,0.21223098039627075,6,0.002647995248529267
People_046_h.jpg,E,0.1611954868,0.16292789578437805,4,0.0017324089843780421
People_047_h.jpg,A,1,1,None,0
People_047_h.jpg,B,0.49671729208,0.5019772052764893,22,0.005259913196489274
People_047_h.jpg,C,0.29540420891200003,0.2839536964893341,9,0.011450512422665926
People_047_h.jpg,D,0.21487897564480002,0.2051447629928589,6,0.009734212651941132
People_047_h.jpg,E,0.1611954868,0.17399083077907562,5,0.012795343979075613
People_048_h.jpg,A,1,1,None,0
People_048_h.jpg,B,0.49671729208,0.4952569603919983,21,0.0014603316880016926
People_048_h.jpg,C,0.29540420891200003,0.3016917109489441,10,0.006287502036944059
People_048_h.jpg,D,0.21487897564480002,0.20562800765037537,6,0.009250967994424653
People_048_h.jpg,E,0.1611954868,0.15223319828510284,4,0.008962288514897165
People_049_h.jpg,A,1,1,None,0
People_049_h.jpg,B,0.49671729208,0.5048148036003113,18,0.008097511520311296
People_049_h.jpg,C,0.29540420891200003,0.28692618012428284,7,0.008478028787717196
People_049_h.jpg,D,0.21487897564480002,0.23115414381027222,5,0.016275168165472198
People_049_h.jpg,E,0.1611954868,0.16365841031074524,3,0.0024629235107452296
People_050_v.jpg,A,1,1,None,0
People_050_v.jpg,B,0.49671729208,0.49957478046417236,24,0.0028574883841723797
People_050_v.jpg,C,0.29540420891200003,0.2906339168548584,11,0.004770292057141634
People_050_v.jpg,D,0.21487897564480002,0.22401531040668488,8,0.009136334761884857
People_050_v.jpg,E,0.1611954868,0.15008744597434998,5,0.011108040825650034
People_051_h.jpg,A,1,1,None,0
People_051_h.jpg,B,0.49671729208,0.5022116899490356,24,0.005494397869035661
People_051_h.jpg,C,0.29540420891200003,0.301829993724823,11,0.0064257848128229655
People_051_h.jpg,D,0.21487897564480002,0.2108841985464096,7,0.003994777098390412
People_051_h.jpg,E,0.1611954868,0.15983739495277405,5,0.0013580918472259618
People_052_h.jpg,A,1,1,None,0
People_052_h.jpg,B,0.49671729208,0.4931448996067047,28,0.0035723924732952717
People_052_h.jpg,C,0.29540420891200003,0.2914005219936371,14,0.0040036869183629475
People_052_h.jpg,D,0.21487897564480002,0.21980835497379303,10,0.004929379328993011
People_052_h.jpg,E,0.1611954868,0.1610930860042572,7,0.00010240079574280747
People_053_h.jpg,A,1,1,None,0
People_053_h.jpg,B,0.49671729208,0.49461764097213745,19,0.0020996511078625324
People_053_h.jpg,C,0.29540420891200003,0.2829786241054535,8,0.012425584806546541
People_053_h.jpg,D,0.21487897564480002,0.22571904957294464,6,0.010840073928144622
People_053_h.jpg,E,0.1611954868,0.15814584493637085,4,0.00304964186362916
People_054_h.jpg,A,1,1,None,0
People_054_h.jpg,B,0.49671729208,0.5000694990158081,21,0.003352206935808122
People_054_h.jpg,C,0.29540420891200003,0.2984224557876587,10,0.003018246875658659
People_054_h.jpg,D,0.21487897564480002,0.22523893415927887,7,0.01035995851447885
People_054_h.jpg,E,0.1611954868,0.170200377702713,5,0.009004890902713003
People_055_h.jpg,A,1,1,None,0
People_055_h.jpg,B,0.49671729208,0.49749135971069336,20,0.0007740676306933758
People_055_h.jpg,C,0.29540420891200003,0.2935944199562073,9,0.0018097889557927571
People_055_h.jpg,D,0.21487897564480002,0.21321511268615723,6,0.0016638629586427922
People_055_h.jpg,E,0.1611954868,0.14772361516952515,4,0.013471871630474863
People_056_h.jpg,A,1,1,None,0
People_056_h.jpg,B,0.49671729208,0.4902991056442261,35,0.006418186435773909
People_056_h.jpg,C,0.29540420891200003,0.28794097900390625,17,0.0074632299080937825
People_056_h.jpg,D,0.21487897564480002,0.2091338038444519,12,0.0057451718003481145
People_056_h.jpg,E,0.1611954868,0.16326022148132324,9,0.0020647346813232326
People_057_h.jpg,A,1,1,None,0
People_057_h.jpg,B,0.49671729208,0.497586727142334,18,0.0008694350623340008
People_057_h.jpg,C,0.29540420891200003,0.29944488406181335,8,0.004040675149813322
People_057_h.jpg,D,0.21487897564480002,0.2117270678281784,5,0.003151907816621613
People_057_h.jpg,E,0.1611954868,0.17646797001361847,4,0.01527248321361846
People_058_h.jpg,A,1,1,None,0
People_058_h.jpg,B,0.49671729208,0.49097347259521484,21,0.00574381948478514
People_058_h.jpg,C,0.29540420891200003,0.29681849479675293,9,0.0014142858847528972
People_058_h.jpg,D,0.21487897564480002,0.22206805646419525,6,0.007189080819395233
People_058_h.jpg,E,0.1611954868,0.16182014346122742,4,0.0006246566612274074
People_059_v.jpg,A,1,1,None,0
People_059_v.jpg,B,0.49671729208,0.502517819404602,21,0.005800527324602067
People_059_v.jpg,C,0.29540420891200003,0.307693749666214,10,0.012289540754213957
People_059_v.jpg,D,0.21487897564480002,0.20384962856769562,6,0.011029347077104401
People_059_v.jpg,E,0.1611954868,0.17486269772052765,5,0.01366721092052764
People_060_v.jpg,A,1,1,None,0
People_060_v.jpg,B,0.49671729208,0.4974394142627716,22,0.0007221221827716229
People_060_v.jpg,C,0.29540420891200003,0.2991676330566406,10,0.0037634241446405925
People_060_v.jpg,D,0.21487897564480002,0.22423140704631805,7,0.009352431401518035
People_060_v.jpg,E,0.1611954868,0.1715906411409378,5,0.010395154340937796
People_061_h.jpg,A,1,1,None,0
People_061_h.jpg,B,0.49671729208,0.4976915121078491,28,0.0009742200278491375
People_061_h.jpg,C,0.29540420891200003,0.29599717259407043,13,0.0005929636820704021
People_061_h.jpg,D,0.21487897564480002,0.22159913182258606,9,0.006720156177786041
People_061_h.jpg,E,0.1611954868,0.15849906206130981,6,0.002696424738690195
People_062_v.jpg,A,1,1,None,0
People_062_v.jpg,B,0.49671729208,0.49219468235969543,22,0.004522609720304549
People_062_v.jpg,C,0.29540420891200003,0.30009725689888,10,0.004693047986879972
People_062_v.jpg,D,0.21487897564480002,0.2042873501777649,6,0.010591625467035126
People_062_v.jpg,E,0.1611954868,0.17625801265239716,5,0.015062525852397146
People_063_h.jpg,A,1,1,None,0
People_063_h.jpg,B,0.49671729208,0.494762659072876,23,0.001954633007124007
People_063_h.jpg,C,0.29540420891200003,0.29142242670059204,10,0.0039817822114079915
People_063_h.jpg,D,0.21487897564480002,0.22356382012367249,7,0.008684844478872467
People_063_h.jpg,E,0.1611954868,0.17252573370933533,5,0.011330246909335318
People_064_h.jpg,A,1,1,None,0
People_064_h.jpg,B,0.49671729208,0.501575767993927,23,0.004858475913927018
People_064_h.jpg,C,0.29540420891200003,0.287419855594635,9,0.007984353317365023
People_064_h.jpg,D,0.21487897564480002,0.21650002896785736,6,0.001621053323057342
People_064_h.jpg,E,0.1611954868,0.16043870151042938,4,0.0007567852895706273
People_065_h.jpg,A,1,1,None,0
People_065_h.jpg,B,0.49671729208,0.4999340772628784,33,0.0032167851828784344
People_065_h.jpg,C,0.29540420891200003,0.3004080057144165,16,0.005003796802416471
People_065_h.jpg,D,0.21487897564480002,0.2091785967350006,10,0.005700378909799408
People_065_h.jpg,E,0.1611954868,0.15720269083976746,7,0.0039927959602325536
People_066_v.jpg,A,1,1,None,0
People_066_v.jpg,B,0.49671729208,0.4924686849117279,19,0.004248607168272078
People_066_v.jpg,C,0.29540420891200003,0.3025101125240326,9,0.00710590361203256
People_066_v.jpg,D,0.21487897564480002,0.21912391483783722,6,0.0042449391930372005
People_066_v.jpg,E,0.1611954868,0.15195120871067047,4,0.009244278089329538
People_067_h.jpg,A,1,1,None,0
People_067_h.jpg,B,0.49671729208,0.49143731594085693,19,0.00527997613914305
People_067_h.jpg,C,0.29540420891200003,0.2843477725982666,8,0.011056436313733431
People_067_h.jpg,D,0.21487897564480002,0.21161238849163055,5,0.0032665871531694646
People_067_h.jpg,E,0.1611954868,0.17329367995262146,4,0.01209819315262145
People_068_h.jpg,A,1,1,None,0
People_068_h.jpg,B,0.49671729208,0.49513334035873413,23,0.0015839517212658527
People_068_h.jpg,C,0.29540420891200003,0.28891095519065857,10,0.006493253721341463
People_068_h.jpg,D,0.21487897564480002,0.21825239062309265,7,0.0033734149782926326
People_068_h.jpg,E,0.1611954868,0.16646341979503632,5,0.005267932995036306
People_069_h.jpg,A,1,1,None,0
People_069_h.jpg,B,0.49671729208,0.4933021664619446,17,0.0034151256180554035
People_069_h.jpg,C,0.29540420891200003,0.3092457056045532,8,0.01384149669255319
People_069_h.jpg,D,0.21487897564480002,0.21847255527973175,5,0.0035935796349317317
People_069_h.jpg,E,0.1611954868,0.14415083825588226,3,0.017044648544117746
People_070_v.jpg,A,1,1,None,0
People_070_v.jpg,B,0.49671729208,0.5010585784912109,22,0.004341286411210954
People_070_v.jpg,C,0.29540420891200003,0.29593172669410706,10,0.0005275177821070232
People_070_v.jpg,D,0.21487897564480002,0.19821634888648987,6,0.01666262675831015
People_070_v.jpg,E,0.1611954868,0.1539762020111084,4,0.007219284788891611
People_071_h.jpg,A,1,1,None,0
People_071_h.jpg,B,0.49671729208,0.49585241079330444,23,0.0008648812866955402
People_071_h.jpg,C,0.29540420891200003,0.2889341413974762,9,0.006470067514523836
People_071_h.jpg,D,0.21487897564480002,0.2114889770746231,6,0.003389998570176911
People_071_h.jpg,E,0.1611954868,0.14934884011745453,4,0.01184664668254548
People_072_v.jpg,A,1,1,None,0
People_072_v.jpg,B,0.49671729208,0.49359315633773804,32,0.0031241357422619465
People_072_v.jpg,C,0.29540420891200003,0.29564833641052246,14,0.00024412749852242843
People_072_v.jpg,D,0.21487897564480002,0.20691047608852386,9,0.007968499556276154
People_072_v.jpg,E,0.1611954868,0.17038369178771973,7,0.009188204987719717
People_073_v.jpg,A,1,1,None,0
People_073_v.jpg,B,0.49671729208,0.4974954426288605,21,0.0007781505488604901
People_073_v.jpg,C,0.29540420891200003,0.294503778219223,9,0.00090043069277701
People_073_v.jpg,D,0.21487897564480002,0.2191021740436554,6,0.004223198398855377
People_073_v.jpg,E,0.1611954868,0.1624288111925125,4,0.0012333243925125026
People_074_v.jpg,A,1,1,None,0
People_074_v.jpg,B,0.49671729208,0.4999043345451355,22,0.0031870424651355145
People_074_v.jpg,C,0.29540420891200003,0.2900851368904114,9,0.0053190720215886556
People_074_v.jpg,D,0.21487897564480002,0.21792809665203094,6,0.003049121007230926
People_074_v.jpg,E,0.1611954868,0.15784840285778046,4,0.003347083942219553
People_075_v.jpg,A,1,1,None,0
People_075_v.jpg,B,0.49671729208,0.4992959499359131,23,0.0025786578559131024
People_075_v.jpg,C,0.29540420891200003,0.298274427652359,11,0.0028702187403589763
People_075_v.jpg,D,0.21487897564480002,0.20217731595039368,7,0.012701659694406342
People_075_v.jpg,E,0.1611954868,0.14765554666519165,5,0.01353994013480836
People_076_h.jpg,A,1,1,None,0
People_076_h.jpg,B,0.49671729208,0.4927496314048767,25,0.003967660675123275
People_076_h.jpg,C,0.29540420891200003,0.30140966176986694,11,0.006005452857866911
People_076_h.jpg,D,0.21487897564480002,0.22136016190052032,7,0.006481186255720306
People_076_h.jpg,E,0.1611954868,0.15011101961135864,4,0.011084467188641367
People_077_v.jpg,A,1,1,None,0
People_077_v.jpg,B,0.49671729208,0.5018531680107117,24,0.005135875930711686
People_077_v.jpg,C,0.29540420891200003,0.29858118295669556,10,0.003176974044695524
People_077_v.jpg,D,0.21487897564480002,0.20844128727912903,6,0.0064376883656709905
People_077_v.jpg,E,0.1611954868,0.15301218628883362,4,0.008183300511166391
People_078_v.jpg,A,1,1,None,0
People_078_v.jpg,B,0.49671729208,0.5016568303108215,30,0.00493953823082155
People_078_v.jpg,C,0.29540420891200003,0.302263468503952,13,0.006859259591951994
People_078_v.jpg,D,0.21487897564480002,0.21583712100982666,8,0.0009581453650266414
People_078_v.jpg,E,0.1611954868,0.16622979938983917,5,0.005034312589839163
People_079_h.jpg,A,1,1,None,0
People_079_h.jpg,B,0.49671729208,0.496321439743042,26,0.0003958523369579914
People_079_h.jpg,C,0.29540420891200003,0.28892192244529724,11,0.006482286466702791
People_079_h.jpg,D,0.21487897564480002,0.2049393653869629,7,0.009939610257837128
People_079_h.jpg,E,0.1611954868,0.15307575464248657,5,0.008119732157513437
People_080_h.jpg,A,1,1,None,0
People_080_h.jpg,B,0.49671729208,0.49442586302757263,31,0.0022914290524273517
People_080_h.jpg,C,0.29540420891200003,0.2999976873397827,16,0.004593478427782682
People_080_h.jpg,D,0.21487897564480002,0.22013191878795624,11,0.005252943143156219
People_080_h.jpg,E,0.1611954868,0.153175488114357,7,0.008019998685643015
People_081_v.jpg,A,1,1,None,0
People_081_v.jpg,B,0.49671729208,0.5006606578826904,35,0.003943365802690446
People_081_v.jpg,C,0.29540420891200003,0.30096882581710815,13,0.005564616905108122
People_081_v.jpg,D,0.21487897564480002,0.20204918086528778,7,0.012829794779512238
People_081_v.jpg,E,0.1611954868,0.13902054727077484,3,0.02217493952922517
People_082_h.jpg,A,1,1,None,0
People_082_h.jpg,B,0.49671729208,0.499750554561615,23,0.0030332624816150067
People_082_h.jpg,C,0.29540420891200003,0.2873862385749817,9,0.008017970337018343
People_082_h.jpg,D,0.21487897564480002,0.2127217948436737,6,0.0021571808011263127
People_082_h.jpg,E,0.1611954868,0.1577679067850113,4,0.003427580014988718
People_083_h.jpg,A,1,1,None,0
People_083_h.jpg,B,0.49671729208,0.49517735838890076,25,0.0015399336910992267
People_083_h.jpg,C,0.29540420891200003,0.2974003553390503,12,0.0019961464270502605
People_083_h.jpg,D,0.21487897564480002,0.21503818035125732,8,0.00015920470645730544
People_083_h.jpg,E,0.1611954868,0.16948285698890686,6,0.00828737018890685
People_084_h.jpg,A,1,1,None,0
People_084_h.jpg,B,0.49671729208,0.4992552101612091,26,0.002537918081209123
People_084_h.jpg,C,0.29540420891200003,0.29879894852638245,11,0.003394739614382414
People_084_h.jpg,D,0.21487897564480002,0.21675682067871094,7,0.0018778450339109187
People_084_h.jpg,E,0.1611954868,0.152657151222229,4,0.008538335577771006
People_085_h.jpg,A,1,1,None,0
People_085_h.jpg,B,0.49671729208,0.49821025133132935,26,0.0014929592513293621
People_085_h.jpg,C,0.29540420891200003,0.29384341835975647,12,0.0015607905522435628
People_085_h.jpg,D,0.21487897564480002,0.21512092649936676,8,0.00024195085456674148
People_085_h.jpg,E,0.1611954868,0.16990016400814056,6,0.008704677208140554
People_086_h.jpg,A,1,1,None,0
People_086_h.jpg,B,0.49671729208,0.49828454852104187,19,0.0015672564410418865
People_086_h.jpg,C,0.29540420891200003,0.2887445092201233,8,0.0066596996918767415
People_086_h.jpg,D,0.21487897564480002,0.20315279066562653,5,0.011726184979173493
People_086_h.jpg,E,0.1611954868,0.16675972938537598,4,0.005564242585375967
People_087_h.jpg,A,1,1,None,0
People_087_h.jpg,B,0.49671729208,0.4975486993789673,44,0.0008314072989673016
People_087_h.jpg,C,0.29540420891200003,0.29081979393959045,21,0.004584414972409578
People_087_h.jpg,D,0.21487897564480002,0.2161552906036377,15,0.0012763149588376765
People_087_h.jpg,E,0.1611954868,0.16628718376159668,11,0.00509169696159667
People_088_v.jpg,A,1,1,None,0
People_088_v.jpg,B,0.49671729208,0.496025413274765,22,0.0006918788052349689
People_088_v.jpg,C,0.29540420891200003,0.29598724842071533,10,0.0005830395087152995
People_088_v.jpg,D,0.21487897564480002,0.20629249513149261,6,0.008586480513307404
People_088_v.jpg,E,0.1611954868,0.15156659483909607,4,0.00962889196090394
People_089_h.jpg,A,1,1,None,0
People_089_h.jpg,B,0.49671729208,0.4911644160747528,23,0.005552876005247176
People_089_h.jpg,C,0.29540420891200003,0.3002172112464905,10,0.004813002334490446
People_089_h.jpg,D,0.21487897564480002,0.2089984267950058,6,0.0058805488497942204
People_089_h.jpg,E,0.1611954868,0.16543951630592346,4,0.004244029505923452
People_090_v.jpg,A,1,1,None,0
People_090_v.jpg,B,0.49671729208,0.49233704805374146,21,0.0043802440262585285
People_090_v.jpg,C,0.29540420891200003,0.28598904609680176,9,0.009415162815198275
People_090_v.jpg,D,0.21487897564480002,0.20951475203037262,6,0.005364223614427399
People_090_v.jpg,E,0.1611954868,0.15141451358795166,4,0.00978097321204835
People_091_h.jpg,A,1,1,None,0
People_091_h.jpg,B,0.49671729208,0.4979674816131592,27,0.0012501895331591961
People_091_h.jpg,C,0.29540420891200003,0.2882077693939209,11,0.007196439518079134
People_091_h.jpg,D,0.21487897564480002,0.2173861861228943,7,0.0025072104780942683
People_091_h.jpg,E,0.1611954868,0.15009252727031708,4,0.011102959529682932
People_092_v.jpg,A,1,1,None,0
People_092_v.jpg,B,0.49671729208,0.49662497639656067,19,9.231568343931462e-05
People_092_v.jpg,C,0.29540420891200003,0.2955406904220581,8,0.00013648151005807296
People_092_v.jpg,D,0.21487897564480002,0.20723018050193787,5,0.0076487951428621526
People_092_v.jpg,E,0.1611954868,0.17278718948364258,4,0.011591702683642569
People_093_h.jpg,A,1,1,None,0
People_093_h.jpg,B,0.49671729208,0.4953486919403076,22,0.0013686001396923664
People_093_h.jpg,C,0.29540420891200003,0.28868159651756287,9,0.006722612394437166
People_093_h.jpg,D,0.21487897564480002,0.21868270635604858,6,0.003803730711248565
People_093_h.jpg,E,0.1611954868,0.1630108803510666,4,0.0018153935510665797
People_094_h.jpg,A,1,1,None,0
People_094_h.jpg,B,0.49671729208,0.4984843134880066,21,0.0017670214080066082
People_094_h.jpg,C,0.29540420891200003,0.293580561876297,9,0.0018236470357030354
People_094_h.jpg,D,0.21487897564480002,0.21777285635471344,6,0.002893880709913421
People_094_h.jpg,E,0.1611954868,0.16011127829551697,4,0.0010842085044830418
People_095_h.jpg,A,1,1,None,0
People_095_h.jpg,B,0.49671729208,0.5013058185577393,24,0.004588526477739274
People_095_h.jpg,C,0.29540420891200003,0.2990952730178833,10,0.0036910641058832683
People_095_h.jpg,D,0.21487897564480002,0.21722209453582764,6,0.002343118891027618
People_095_h.jpg,E,0.1611954868,0.16735005378723145,4,0.006154566987231436
People_096_h.jpg,A,1,1,None,0
People_096_h.jpg,B,0.49671729208,0.501417875289917,32,0.004700583209917009
People_096_h.jpg,C,0.29540420891200003,0.29397010803222656,13,0.00143410087977347
People_096_h.jpg,D,0.21487897564480002,0.21988824009895325,8,0.005009264454153228
People_096_h.jpg,E,0.1611954868,0.15073318779468536,4,0.010462299005314646
People_097_h.jpg,A,1,1,None,0
People_097_h.jpg,B,0.49671729208,0.49207210540771484,20,0.00464518667228514
People_097_h.jpg,C,0.29540420891200003,0.3003491461277008,9,0.004944937215700773
People_097_h.jpg,D,0.21487897564480002,0.21953654289245605,6,0.004657567247656036
People_097_h.jpg,E,0.1611954868,0.153968945145607,4,0.007226541654393015
People_098_h.jpg,A,1,1,None,0
People_098_h.jpg,B,0.49671729208,0.5028371810913086,22,0.00611988901130861
People_098_h.jpg,C,0.29540420891200003,0.2874740660190582,9,0.007930142892941805
People_098_h.jpg,D,0.21487897564480002,0.2108420431613922,6,0.004036932483407807
People_098_h.jpg,E,0.1611954868,0.15412858128547668,4,0.007066905514523325
People_099_h.jpg,A,1,1,None,0
People_099_h.jpg,B,0.49671729208,0.49479907751083374,23,0.0019182145691662433
People_099_h.jpg,C,0.29540420891200003,0.30108654499053955,10,0.005682336078539518
People_099_h.jpg,D,0.21487897564480002,0.21132537722587585,6,0.0035535984189241643
People_099_h.jpg,E,0.1611954868,0.15787763893604279,4,0.003317847863957224
People_100_h.jpg,A,1,1,None,0
People_100_h.jpg,B,0.49671729208,0.4962632358074188,20,0.0004540562725811603
People_100_h.jpg,C,0.29540420891200003,0.29235801100730896,8,0.0030461979046910725
People_100_h.jpg,D,0.21487897564480002,0.2133888155221939,5,0.00149016012260611
People_100_h.jpg,E,0.1611954868,0.1761966347694397,4,0.015001147969439688
People_101_h.jpg,A,1,1,None,0
People_101_h.jpg,B,0.49671729208,0.49536147713661194,21,0.001355814943388045
People_101_h.jpg,C,0.29540420891200003,0.28719621896743774,8,0.008207989944562288
People_101_h.jpg,D,0.21487897564480002,0.20752903819084167,5,0.007349937453958344
People_101_h.jpg,E,0.1611954868,0.17491522431373596,4,0.013719737513735952
People_102_h.jpg,A,1,1,None,0
People_102_h.jpg,B,0.49671729208,0.4918802082538605,22,0.00483708382613951
People_102_h.jpg,C,0.29540420891200003,0.2971135079860687,10,0.001709299074068693
People_102_h.jpg,D,0.21487897564480002,0.2024308443069458,6,0.012448131337854218
People_102_h.jpg,E,0.1611954868,0.17439955472946167,5,0.01320406792946166
People_103_h.jpg,A,1,1,None,0
People_103_h.jpg,B,0.49671729208,0.4971091151237488,23,0.00039182304374879573
People_103_h.jpg,C,0.29540420891200003,0.2931356728076935,9,0.002268536104306551
People_103_h.jpg,D,0.21487897564480002,0.20715327560901642,5,0.0077257000357836
People_103_h.jpg,E,0.1611954868,0.14612658321857452,3,0.015068903581425486
People_104_h.jpg,A,1,1,None,0
People_104_h.jpg,B,0.49671729208,0.4997652471065521,22,0.0030479550265521405
People_104_h.jpg,C,0.29540420891200003,0.2933509945869446,9,0.0020532143250554524
People_104_h.jpg,D,0.21487897564480002,0.22025786340236664,6,0.005378887757566619
People_104_h.jpg,E,0.1611954868,0.16075101494789124,4,0.00044447185210877427
People_105_h.jpg,A,1,1,None,0
People_105_h.jpg,B,0.49671729208,0.4960591197013855,25,0.0006581723786144855
People_105_h.jpg,C,0.29540420891200003,0.30258670449256897,11,0.007182495580568937
People_105_h.jpg,D,0.21487897564480002,0.2199518084526062,7,0.005072832807806182
People_105_h.jpg,E,0.1611954868,0.17106346786022186,5,0.009867981060221853
People_106_v.jpg,A,1,1,None,0
People_106_v.jpg,B,0.49671729208,0.49317070841789246,18,0.0035465836621075275
People_106_v.jpg,C,0.29540420891200003,0.302584171295166,8,0.007179962383165983
People_106_v.jpg,D,0.21487897564480002,0.2147194743156433,5,0.00015950132915670823
People_106_v.jpg,E,0.1611954868,0.17671141028404236,4,0.015515923484042349
People_107_h.jpg,A,1,1,None,0
People_107_h.jpg,B,0.49671729208,0.49164465069770813,22,0.005072641382291854
People_107_h.jpg,C,0.29540420891200003,0.294599324464798,9,0.0008048844472020589
People_107_h.jpg,D,0.21487897564480002,0.2233230471611023,6,0.008444071516302276
People_107_h.jpg,E,0.1611954868,0.16580677032470703,4,0.004611283524707022
People_108_h.jpg,A,1,1,None,0
People_108_h.jpg,B,0.49671729208,0.49485889077186584,23,0.0018584013081341388
People_108_h.jpg,C,0.29540420891200003,0.29177242517471313,10,0.0036317837372868977
People_108_h.jpg,D,0.21487897564480002,0.22367212176322937,7,0.008793146118429351
People_108_h.jpg,E,0.1611954868,0.1719605028629303,5,0.010765016062930288
People_109_h.jpg,A,1,1,None,0
People_109_h.jpg,B,0.49671729208,0.49178293347358704,20,0.0049343586064129474
People_109_h.jpg,C,0.29540420891200003,0.2944367527961731,9,0.0009674561158269368
People_109_h.jpg,D,0.21487897564480002,0.21497789025306702,6,9.891460826699783e-05
People_109_h.jpg,E,0.1611954868,0.1624113917350769,4,0.0012159049350768947
People_110_h.jpg,A,1,1,None,0
People_110_h.jpg,B,0.49671729208,0.4948400855064392,27,0.0018772065735607746
People_110_h.jpg,C,0.29540420891200003,0.3031114339828491,13,0.007707225070849089
People_110_h.jpg,D,0.21487897564480002,0.22369763255119324,9,0.008818656906393219
People_110_h.jpg,E,0.1611954868,0.15372171998023987,6,0.0074737668197601415
People_111_h.jpg,A,1,1,None,0
People_111_h.jpg,B,0.49671729208,0.49444571137428284,24,0.0022715807057171467
People_111_h.jpg,C,0.29540420891200003,0.29722562432289124,11,0.0018214154108912028
People_111_h.jpg,D,0.21487897564480002,0.2058490514755249,7,0.009029924169275116
People_111_h.jpg,E,0.1611954868,0.15681971609592438,5,0.004375770704075632
People_112_h.jpg,A,1,1,None,0
People_112_h.jpg,B,0.49671729208,0.49207803606987,23,0.0046392560101299885
People_112_h.jpg,C,0.29540420891200003,0.28739917278289795,10,0.008005036129102083
People_112_h.jpg,D,0.21487897564480002,0.21911539137363434,7,0.00423641572883432
People_112_h.jpg,E,0.1611954868,0.17016929388046265,5,0.008973807080462637
People_113_h.jpg,A,1,1,None,0
People_113_h.jpg,B,0.49671729208,0.49294978380203247,24,0.003767508277967513
People_113_h.jpg,C,0.29540420891200003,0.28826355934143066,10,0.0071406495705693684
People_113_h.jpg,D,0.21487897564480002,0.22372598946094513,7,0.00884701381614511
People_113_h.jpg,E,0.1611954868,0.17165890336036682,5,0.010463416560366812
People_114_h.jpg,A,1,1,None,0
People_114_h.jpg,B,0.49671729208,0.4943031966686249,26,0.0024140954113751056
People_114_h.jpg,C,0.29540420891200003,0.29874175786972046,12,0.0033375489577204265
People_114_h.jpg,D,0.21487897564480002,0.21531076729297638,8,0.0004317916481763606
People_114_h.jpg,E,0.1611954868,0.16715718805789948,6,0.0059617012578994655
People_115_h.jpg,A,1,1,None,0
People_115_h.jpg,B,0.49671729208,0.4939323365688324,25,0.002784955511167586
People_115_h.jpg,C,0.29540420891200003,0.28630930185317993,11,0.0090949070588201
People_115_h.jpg,D,0.21487897564480002,0.22043809294700623,8,0.005559117302206207
People_115_h.jpg,E,0.1611954868,0.17060156166553497,6,0.009406074865534964
People_116_h.jpg,A,1,1,None,0
People_116_h.jpg,B,0.49671729208,0.4984501898288727,20,0.001732897748872697
People_116_h.jpg,C,0.29540420891200003,0.2883169949054718,8,0.007087214006528231
People_116_h.jpg,D,0.21487897564480002,0.20764926075935364,5,0.007229714885446381
People_116_h.jpg,E,0.1611954868,0.17063148319721222,4,0.00943599639721221
People_117_h.jpg,A,1,1,None,0
People_117_h.jpg,B,0.49671729208,0.4971517324447632,22,0.0004344403647632
People_117_h.jpg,C,0.29540420891200003,0.2886245846748352,9,0.006779624237164827
People_117_h.jpg,D,0.21487897564480002,0.21923476457595825,6,0.004355788931158233
People_117_h.jpg,E,0.1611954868,0.16237623989582062,4,0.001180753095820608
People_118_h.jpg,A,1,1,None,0
People_118_h.jpg,B,0.49671729208,0.49385252594947815,22,0.002864766130521834
People_118_h.jpg,C,0.29540420891200003,0.30096304416656494,10,0.005558835254564909
People_118_h.jpg,D,0.21487897564480002,0.20498426258563995,6,0.009894713059160065
People_118_h.jpg,E,0.1611954868,0.17628709971904755,5,0.015091612919047537
People_119_h.jpg,A,1,1,None,0
People_119_h.jpg,B,0.49671729208,0.4969119429588318,19,0.00019465087883180354
People_119_h.jpg,C,0.29540420891200003,0.290587842464447,8,0.004816366447553011
People_119_h.jpg,D,0.21487897564480002,0.21204635500907898,5,0.0028326206357210393
People_119_h.jpg,E,0.1611954868,0.17778612673282623,4,0.016590639932826223
People_120_h.jpg,A,1,1,None,0
People_120_h.jpg,B,0.49671729208,0.4891669750213623,17,0.007550317058637679
People_120_h.jpg,C,0.29540420891200003,0.2936543822288513,7,0.0017498266831487141
People_120_h.jpg,D,0.21487897564480002,0.19643856585025787,4,0.018440409794542145
People_120_h.jpg,E,0.1611954868,0.1579234004020691,3,0.003272086397930918
People_121_h.jpg,A,1,1,None,0
People_121_h.jpg,B,0.49671729208,0.4979571998119354,21,0.0012399077319354412
People_121_h.jpg,C,0.29540420891200003,0.2914673089981079,9,0.003936899913892122
People_121_h.jpg,D,0.21487897564480002,0.21323709189891815,6,0.001641883745881867
People_121_h.jpg,E,0.1611954868,0.15692423284053802,4,0.004271253959461985
People_122_h.jpg,A,1,1,None,0
People_122_h.jpg,B,0.49671729208,0.49987900257110596,26,0.0031617104911059735
People_122_h.jpg,C,0.29540420891200003,0.29614388942718506,11,0.0007396805151850261
People_122_h.jpg,D,0.21487897564480002,0.21265637874603271,7,0.002222596898767304
People_122_h.jpg,E,0.1611954868,0.16537418961524963,5,0.004178702815249624
People_123_h.jpg,A,1,1,None,0
People_123_h.jpg,B,0.49671729208,0.490560919046402,20,0.006156373033598006
People_123_h.jpg,C,0.29540420891200003,0.29658839106559753,8,0.0011841821535975017
People_123_h.jpg,D,0.21487897564480002,0.21604003012180328,5,0.001161054477003265
People_123_h.jpg,E,0.1611954868,0.1483008861541748,3,0.012894600645825205
People_124_h.jpg,A,1,1,None,0
People_124_h.jpg,B,0.49671729208,0.5026876926422119,20,0.0059704005622119305
People_124_h.jpg,C,0.29540420891200003,0.28769296407699585,8,0.007711244835004183
People_124_h.jpg,D,0.21487897564480002,0.20627577602863312,5,0.008603199616166901
People_124_h.jpg,E,0.1611954868,0.17049917578697205,4,0.009303688986972036
People_125_h.jpg,A,1,1,None,0
People_125_h.jpg,B,0.49671729208,0.49842724204063416,22,0.0017099499606341717
People_125_h.jpg,C,0.29540420891200003,0.29637542366981506,10,0.000971214757815031
People_125_h.jpg,D,0.21487897564480002,0.22544926404953003,7,0.01057028840473001
People_125_h.jpg,E,0.1611954868,0.14788174629211426,4,0.013313740507885752
People_126_h.jpg,A,1,1,None,0
People_126_h.jpg,B,0.49671729208,0.500697910785675,23,0.003980618705675065
People_126_h.jpg,C,0.29540420891200003,0.28488636016845703,9,0.010517848743543001
People_126_h.jpg,D,0.21487897564480002,0.21208471059799194,6,0.0027942650468080754
People_126_h.jpg,E,0.1611954868,0.1545097827911377,4,0.006685704008862314
People_127_h.jpg,A,1,1,None,0
People_127_h.jpg,B,0.49671729208,0.4933769404888153,19,0.003340351591184676
People_127_h.jpg,C,0.29540420891200003,0.29296237230300903,8,0.0024418366089909993
People_127_h.jpg,D,0.21487897564480002,0.21146708726882935,5,0.003411888375970673
People_127_h.jpg,E,0.1611954868,0.17556419968605042,4,0.014368712886050405
People_128_h.jpg,A,1,1,None,0
People_128_h.jpg,B,0.49671729208,0.5019278526306152,22,0.005210560550615251
People_128_h.jpg,C,0.29540420891200003,0.2959252595901489,9,0.0005210506781488933
People_128_h.jpg,D,0.21487897564480002,0.21970714628696442,6,0.004828170642164398
People_128_h.jpg,E,0.1611954868,0.16331391036510468,4,0.0021184235651046657
People_129_h.jpg,A,1,1,None,0
People_129_h.jpg,B,0.49671729208,0.4975467622280121,22,0.0008294701480121014
People_129_h.jpg,C,0.29540420891200003,0.28670087456703186,9,0.008703334344968172
People_129_h.jpg,D,0.21487897564480002,0.20963320136070251,6,0.005245774284097504
People_129_h.jpg,E,0.1611954868,0.14484132826328278,4,0.016354158536717234
People_130_h.jpg,A,1,1,None,0
People_130_h.jpg,B,0.49671729208,0.4961787164211273,35,0.0005385756588726642
People_130_h.jpg,C,0.29540420891200003,0.29769518971443176,15,0.00229098080243173
People_130_h.jpg,D,0.21487897564480002,0.21199892461299896,9,0.0028800510318010564
People_130_h.jpg,E,0.1611954868,0.1557978391647339,6,0.005397647635266123
People_131_h.jpg,A,1,1,None,0
People_131_h.jpg,B,0.49671729208,0.49405109882354736,22,0.0026661932564526203
People_131_h.jpg,C,0.29540420891200003,0.3048142194747925,10,0.009410010562792448
People_131_h.jpg,D,0.21487897564480002,0.20986612141132355,6,0.005012854233476471
People_131_h.jpg,E,0.1611954868,0.15271395444869995,4,0.008481532351300058
People_132_h.jpg,A,1,1,None,0
People_132_h.jpg,B,0.49671729208,0.49315354228019714,23,0.00356374979980284
People_132_h.jpg,C,0.29540420891200003,0.2878662347793579,10,0.007537974132642122
People_132_h.jpg,D,0.21487897564480002,0.2234823852777481,7,0.00860340963294809
People_132_h.jpg,E,0.1611954868,0.17300841212272644,5,0.01181292532272643
People_133_h.jpg,A,1,1,None,0
People_133_h.jpg,B,0.49671729208,0.49566665291786194,23,0.001050639162138045
People_133_h.jpg,C,0.29540420891200003,0.28696319460868835,9,0.008441014303311678
People_133_h.jpg,D,0.21487897564480002,0.21760401129722595,6,0.0027250356524259334
People_133_h.jpg,E,0.1611954868,0.15927988290786743,4,0.001915603892132578
People_134_h.jpg,A,1,1,None,0
People_134_h.jpg,B,0.49671729208,0.49958670139312744,21,0.002869409313127458
People_134_h.jpg,C,0.29540420891200003,0.2949322462081909,9,0.00047196270380911454
People_134_h.jpg,D,0.21487897564480002,0.21805359423160553,6,0.003174618586805511
People_134_h.jpg,E,0.1611954868,0.15661779046058655,4,0.004577696339413462
People_135_h.jpg,A,1,1,None,0
People_135_h.jpg,B,0.49671729208,0.49206671118736267,24,0.004650580892637313
People_135_h.jpg,C,0.29540420891200003,0.293224573135376,11,0.002179635776624056
People_135_h.jpg,D,0.21487897564480002,0.2080230861902237,7,0.006855889454576325
People_135_h.jpg,E,0.1611954868,0.15854114294052124,5,0.0026543438594787694
People_136_h.jpg,A,1,1,None,0
People_136_h.jpg,B,0.49671729208,0.5011899471282959,24,0.004472655048295915
People_136_h.jpg,C,0.29540420891200003,0.2862924337387085,10,0.009111775173291536
People_136_h.jpg,D,0.21487897564480002,0.21875768899917603,7,0.0038787133543760066
People_136_h.jpg,E,0.1611954868,0.16982409358024597,5,0.008628606780245962
People_137_h.jpg,A,1,1,None,0
People_137_h.jpg,B,0.49671729208,0.495565801858902,25,0.001151490221098006
People_137_h.jpg,C,0.29540420891200003,0.2996525168418884,12,0.004248307929888395
People_137_h.jpg,D,0.21487897564480002,0.21575607359409332,8,0.000877097949293304
People_137_h.jpg,E,0.1611954868,0.16606688499450684,6,0.004871398194506826
People_138_h.jpg,A,1,1,None,0
People_138_h.jpg,B,0.49671729208,0.5003448724746704,24,0.0036275803946704266
People_138_h.jpg,C,0.29540420891200003,0.2873855233192444,10,0.008018685592755648
People_138_h.jpg,D,0.21487897564480002,0.22228993475437164,7,0.007410959109571624
People_138_h.jpg,E,0.1611954868,0.1539524346590042,4,0.007243052140995798
People_139_h.jpg,A,1,1,None,0
People_139_h.jpg,B,0.49671729208,0.49721938371658325,29,0.0005020916365832684
People_139_h.jpg,C,0.29540420891200003,0.2873903512954712,13,0.008013857616528841
People_139_h.jpg,D,0.21487897564480002,0.2156127393245697,9,0.0007337636797696834
People_139_h.jpg,E,0.1611954868,0.15955118834972382,6,0.0016442984502761937
People_140_h.jpg,A,1,1,None,0
People_140_h.jpg,B,0.49671729208,0.4964463710784912,26,0.00027092100150877263
People_140_h.jpg,C,0.29540420891200003,0.28883010149002075,10,0.0065741074219792806
People_140_h.jpg,D,0.21487897564480002,0.223818838596344,7,0.008939862951543975
People_140_h.jpg,E,0.1611954868,0.17250174283981323,5,0.011306256039813223
People_141_h.jpg,A,1,1,None,0
People_141_h.jpg,B,0.49671729208,0.49290651082992554,22,0.0038107812500744465
People_141_h.jpg,C,0.29540420891200003,0.2860566973686218,9,0.009347511543378206
People_141_h.jpg,D,0.21487897564480002,0.2118356078863144,6,0.0030433677584856267
People_141_h.jpg,E,0.1611954868,0.15266665816307068,4,0.008528828636929331
People_142_h.jpg,A,1,1,None,0
People_142_h.jpg,B,0.49671729208,0.4915669858455658,18,0.005150306234434188
People_142_h.jpg,C,0.29540420891200003,0.2859418988227844,8,0.009462310089215609
People_142_h.jpg,D,0.21487897564480002,0.23034323751926422,6,0.015464261874464202
People_142_h.jpg,E,0.1611954868,0.16980591416358948,4,0.008610427363589468
People_143_h.jpg,A,1,1,None,0
People_143_h.jpg,B,0.49671729208,0.49789127707481384,18,0.0011739849948138592
People_143_h.jpg,C,0.29540420891200003,0.305374413728714,8,0.009970204816713957
People_143_h.jpg,D,0.21487897564480002,0.21292465925216675,5,0.0019543163926332707
People_143_h.jpg,E,0.1611954868,0.17383195459842682,4,0.01263646779842681
People_144_h.jpg,A,1,1,None,0
People_144_h.jpg,B,0.49671729208,0.49848851561546326,28,0.0017712235354632733
People_144_h.jpg,C,0.29540420891200003,0.29652106761932373,12,0.001116858707323698
People_144_h.jpg,D,0.21487897564480002,0.21779748797416687,8,0.0029185123293668513
People_144_h.jpg,E,0.1611954868,0.1732221096754074,6,0.0120266228754074
People_145_h.jpg,A,1,1,None,0
People_145_h.jpg,B,0.49671729208,0.48946285247802734,19,0.00725443960197264
People_145_h.jpg,C,0.29540420891200003,0.29733771085739136,9,0.001933501945391325
People_145_h.jpg,D,0.21487897564480002,0.21793079376220703,6,0.0030518181174070125
People_145_h.jpg,E,0.1611954868,0.15430718660354614,4,0.006888300196453867
People_146_h.jpg,A,1,1,None,0
People_146_h.jpg,B,0.49671729208,0.4912393093109131,23,0.005477982769086898
People_146_h.jpg,C,0.29540420891200003,0.3049943745136261,11,0.009590165601626066
People_146_h.jpg,D,0.21487897564480002,0.21476401388645172,7,0.00011496175834829758
People_146_h.jpg,E,0.1611954868,0.1627306491136551,5,0.0015351623136550807
People_147_h.jpg,A,1,1,None,0
People_147_h.jpg,B,0.49671729208,0.49863800406455994,28,0.001920711984559953
People_147_h.jpg,C,0.29540420891200003,0.2900708317756653,13,0.005333377136334749
People_147_h.jpg,D,0.21487897564480002,0.21600067615509033,9,0.0011217005102903133
People_147_h.jpg,E,0.1611954868,0.15367256104946136,6,0.007522925750538645
People_148_h.jpg,A,1,1,None,0
People_148_h.jpg,B,0.49671729208,0.5013253092765808,20,0.004608017196580827
People_148_h.jpg,C,0.29540420891200003,0.3037903606891632,8,0.008386151777163176
People_148_h.jpg,D,0.21487897564480002,0.2243029922246933,5,0.00942401657989328
People_148_h.jpg,E,0.1611954868,0.15691059827804565,3,0.004284888521954355
People_149_h.jpg,A,1,1,None,0
People_149_h.jpg,B,0.49671729208,0.4954640865325928,23,0.0012532055474072101
People_149_h.jpg,C,0.29540420891200003,0.2987736165523529,10,0.0033694076403528728
People_149_h.jpg,D,0.21487897564480002,0.20367808640003204,6,0.011200889244767975
People_149_h.jpg,E,0.1611954868,0.1479949951171875,4,0.01320049168281251
People_150_h.jpg,A,1,1,None,0
People_150_h.jpg,B,0.49671729208,0.49478963017463684,28,0.0019276619053631427
People_150_h.jpg,C,0.29540420891200003,0.29521629214286804,13,0.0001879167691319905
People_150_h.jpg,D,0.21487897564480002,0.22018252313137054,9,0.005303547486570526
People_150_h.jpg,E,0.1611954868,0.15430626273155212,6,0.006889224068447886
People_151_h.jpg,A,1,1,None,0
People_151_h.jpg,B,0.49671729208,0.5024535059928894,24,0.005736213912889421
People_151_h.jpg,C,0.29540420891200003,0.29517126083374023,11,0.00023294807825979813
People_151_h.jpg,D,0.21487897564480002,0.2271406352519989,8,0.012261659607198883
People_151_h.jpg,E,0.1611954868,0.15192823112010956,5,0.009267255679890452
People_152_h.jpg,A,1,1,None,0
People_152_h.jpg,B,0.49671729208,0.4933830201625824,23,0.003334271917417586
People_152_h.jpg,C,0.29540420891200003,0.2953789532184601,11,2.5255693539949498e-05
People_152_h.jpg,D,0.21487897564480002,0.22348691523075104,8,0.008607939585951019
People_152_h.jpg,E,0.1611954868,0.17265883088111877,6,0.011463344081118765
People_153_h.jpg,A,1,1,None,0
People_153_h.jpg,B,0.49671729208,0.4915580451488495,21,0.005159246931150496
People_153_h.jpg,C,0.29540420891200003,0.29425758123397827,9,0.001146627678021761
People_153_h.jpg,D,0.21487897564480002,0.21976956725120544,6,0.0048905916064054256
People_153_h.jpg,E,0.1611954868,0.15754227340221405,4,0.0036532133977859593
People_154_h.jpg,A,1,1,None,0
People_154_h.jpg,B,0.49671729208,0.4965152442455292,23,0.00020204783447080876
People_154_h.jpg,C,0.29540420891200003,0.2946990132331848,10,0.000705195678815218
People_154_h.jpg,D,0.21487897564480002,0.2222519963979721,7,0.007373020753172088
People_154_h.jpg,E,0.1611954868,0.16831755638122559,5,0.007122069581225576
People_155_h.jpg,A,1,1,None,0
People_155_h.jpg,B,0.49671729208,0.49844929575920105,23,0.0017320036792010662
People_155_h.jpg,C,0.29540420891200003,0.30235710740089417,10,0.0069528984888941325
People_155_h.jpg,D,0.21487897564480002,0.21257080137729645,6,0.002308174267503571
People_155_h.jpg,E,0.1611954868,0.15289585292339325,4,0.00829963387660676
People_156_h.jpg,A,1,1,None,0
People_156_h.jpg,B,0.49671729208,0.4955074191093445,27,0.0012098729706555011
People_156_h.jpg,C,0.29540420891200003,0.30007991194725037,12,0.004675703035250334
People_156_h.jpg,D,0.21487897564480002,0.21784356236457825,8,0.0029645867197782283
People_156_h.jpg,E,0.1611954868,0.16716353595256805,6,0.005968049152568045
People_157_h.jpg,A,1,1,None,0
People_157_h.jpg,B,0.49671729208,0.4964293837547302,18,0.00028790832526975896
People_157_h.jpg,C,0.29540420891200003,0.28645211458206177,7,0.008952094329938265
People_157_h.jpg,D,0.21487897564480002,0.22680151462554932,5,0.011922538980749298
People_157_h.jpg,E,0.1611954868,0.1516636312007904,3,0.009531855599209604
People_158_h.jpg,A,1,1,None,0
People_158_h.jpg,B,0.49671729208,0.4985598921775818,21,0.0018426000975818035
People_158_h.jpg,C,0.29540420891200003,0.2903459072113037,8,0.005058301700696322
People_158_h.jpg,D,0.21487897564480002,0.21196402609348297,5,0.0029149495513170476
People_158_h.jpg,E,0.1611954868,0.14747078716754913,3,0.013724699632450876
People_159_h.jpg,A,1,1,None,0
People_159_h.jpg,B,0.49671729208,0.5007811188697815,18,0.004063826789781511
People_159_h.jpg,C,0.29540420891200003,0.2937983572483063,8,0.001605851663693758
People_159_h.jpg,D,0.21487897564480002,0.202785924077034,5,0.012093051567766022
People_159_h.jpg,E,0.1611954868,0.1666586548089981,4,0.005463168008998098
People_160_h.jpg,A,1,1,None,0
People_160_h.jpg,B,0.49671729208,0.49377137422561646,35,0.0029459178543835285
People_160_h.jpg,C,0.29540420891200003,0.29285892844200134,16,0.0025452804699986897
People_160_h.jpg,D,0.21487897564480002,0.21408988535404205,10,0.0007890902907579656
People_160_h.jpg,E,0.1611954868,0.16687114536762238,5,0.005675658567622366
People_161_h.jpg,A,1,1,None,0
People_161_h.jpg,B,0.49671729208,0.4975748062133789,25,0.0008575141333789227
People_161_h.jpg,C,0.29540420891200003,0.2949128746986389,10,0.0004913342133611165
People_161_h.jpg,D,0.21487897564480002,0.21033167839050293,6,0.004547297254297089
People_161_h.jpg,E,0.1611954868,0.1556590348482132,4,0.005536451951786814
People_162_h.jpg,A,1,1,None,0
People_162_h.jpg,B,0.49671729208,0.4987029731273651,21,0.0019856810473651287
People_162_h.jpg,C,0.29540420891200003,0.2903955578804016,9,0.005008651031598421
People_162_h.jpg,D,0.21487897564480002,0.21635802090168,6,0.001479045256879974
People_162_h.jpg,E,0.1611954868,0.15726955235004425,4,0.003925934449955759
People_163_v.jpg,A,1,1,None,0
People_163_v.jpg,B,0.49671729208,0.49811458587646484,21,0.0013972937964648602
People_163_v.jpg,C,0.29540420891200003,0.2851223647594452,9,0.010281844152554842
People_163_v.jpg,D,0.21487897564480002,0.20939642190933228,6,0.005482553735467743
People_163_v.jpg,E,0.1611954868,0.150172621011734,4,0.011022865788266
People_164_h.jpg,A,1,1,None,0
People_164_h.jpg,B,0.49671729208,0.49743151664733887,39,0.0007142245673388836
People_164_h.jpg,C,0.29540420891200003,0.3020341992378235,20,0.006629990325823454
People_164_h.jpg,D,0.21487897564480002,0.21242859959602356,13,0.002450376048776459
People_164_h.jpg,E,0.1611954868,0.16256585717201233,9,0.0013703703720123195
People_165_v.jpg,A,1,1,None,0
People_165_v.jpg,B,0.49671729208,0.49095749855041504,20,0.0057597935295849445
People_165_v.jpg,C,0.29540420891200003,0.288199782371521,9,0.007204426540479036
People_165_v.jpg,D,0.21487897564480002,0.2134949415922165,6,0.001384034052583527
People_165_v.jpg,E,0.1611954868,0.15518110990524292,4,0.00601437689475709
People_166_h.jpg,A,1,1,None,0
People_166_h.jpg,B,0.49671729208,0.49468469619750977,25,0.002032595882490218
People_166_h.jpg,C,0.29540420891200003,0.2881053388118744,11,0.007298870100125643
People_166_h.jpg,D,0.21487897564480002,0.22361373901367188,8,0.008734763368871856
People_166_h.jpg,E,0.1611954868,0.15428195893764496,5,0.006913527862355051
People_167_h.jpg,A,1,1,None,0
People_167_h.jpg,B,0.49671729208,0.4920876920223236,18,0.004629600057676375
People_167_h.jpg,C,0.29540420891200003,0.2983526587486267,8,0.0029484498366266765
People_167_h.jpg,D,0.21487897564480002,0.2113266885280609,5,0.0035522871167391057
People_167_h.jpg,E,0.1611954868,0.1785537302494049,4,0.017358243449404898
People_168_h.jpg,A,1,1,None,0
People_168_h.jpg,B,0.49671729208,0.5026854276657104,20,0.005968135585710466
People_168_h.jpg,C,0.29540420891200003,0.30662062764167786,9,0.011216418729677824
People_168_h.jpg,D,0.21487897564480002,0.2271110713481903,6,0.012232095703390289
People_168_h.jpg,E,0.1611954868,0.1630348265171051,4,0.001839339717105093
People_169_h.jpg,A,1,1,None,0
People_169_h.jpg,B,0.49671729208,0.49629682302474976,20,0.0004204690552502277
People_169_h.jpg,C,0.29540420891200003,0.29429230093955994,8,0.001111907972440096
People_169_h.jpg,D,0.21487897564480002,0.21458566188812256,5,0.0002933137566774602
People_169_h.jpg,E,0.1611954868,0.1464024931192398,3,0.014792993680760202
People_170_v.jpg,A,1,1,None,0
People_170_v.jpg,B,0.49671729208,0.49591532349586487,21,0.0008019685841351154
People_170_v.jpg,C,0.29540420891200003,0.2998780310153961,10,0.004473822103396086
People_170_v.jpg,D,0.21487897564480002,0.22015981376171112,7,0.005280838116911102
People_170_v.jpg,E,0.1611954868,0.16502909362316132,5,0.0038336068231613063
People_171_v.jpg,A,1,1,None,0
People_171_v.jpg,B,0.49671729208,0.5013536810874939,22,0.004636389007493913
People_171_v.jpg,C,0.29540420891200003,0.2881784439086914,9,0.007225765003308626
People_171_v.jpg,D,0.21487897564480002,0.21552501618862152,6,0.0006460405438215022
People_171_v.jpg,E,0.1611954868,0.16262805461883545,4,0.0014325678188354396
People_172_v.jpg,A,1,1,None,0
People_172_v.jpg,B,0.49671729208,0.5014201998710632,23,0.004702907791063249
People_172_v.jpg,C,0.29540420891200003,0.3033600151538849,10,0.007955806241884855
People_172_v.jpg,D,0.21487897564480002,0.20727713406085968,6,0.007601841583940339
People_172_v.jpg,E,0.1611954868,0.149199977517128,4,0.011995509282872019
People_173_h.jpg,A,1,1,None,0
People_173_h.jpg,B,0.49671729208,0.4924374222755432,23,0.004279869804456771
People_173_h.jpg,C,0.29540420891200003,0.30010804533958435,11,0.004703836427584318
People_173_h.jpg,D,0.21487897564480002,0.20418572425842285,7,0.010693251386377167
People_173_h.jpg,E,0.1611954868,0.14963319897651672,5,0.011562287823483286
People_174_v.jpg,A,1,1,None,0
People_174_v.jpg,B,0.49671729208,0.4937058389186859,24,0.0030114531613140705
People_174_v.jpg,C,0.29540420891200003,0.29692670702934265,11,0.0015224981173426189
People_174_v.jpg,D,0.21487897564480002,0.20929618179798126,7,0.005582793846818757
People_174_v.jpg,E,0.1611954868,0.157894566655159,5,0.003300920144841013
People_175_h.jpg,A,1,1,None,0
People_175_h.jpg,B,0.49671729208,0.4952738583087921,20,0.0014434337712078693
People_175_h.jpg,C,0.29540420891200003,0.2835448086261749,8,0.011859400285825106
People_175_h.jpg,D,0.21487897564480002,0.20608191192150116,5,0.008797063723298859
People_175_h.jpg,E,0.1611954868,0.1721833199262619,4,0.010987833126261892
People_176_h.jpg,A,1,1,None,0
People_176_h.jpg,B,0.49671729208,0.4929126501083374,21,0.0038046419716625812
People_176_h.jpg,C,0.29540420891200003,0.30467069149017334,9,0.009266482578173307
People_176_h.jpg,D,0.21487897564480002,0.22182011604309082,5,0.0069411403982908015
People_176_h.jpg,E,0.1611954868,0.15903930366039276,3,0.0021561831396072484
People_177_h.jpg,A,1,1,None,0
People_177_h.jpg,B,0.49671729208,0.501644492149353,18,0.004927200069353044
People_177_h.jpg,C,0.29540420891200003,0.3007987439632416,7,0.005394535051241545
People_177_h.jpg,D,0.21487897564480002,0.2158304750919342,4,0.0009514994471341853
People_177_h.jpg,E,0.1611954868,0,0,1.6018686377350377e-11
People_178_h.jpg,A,1,1,None,0
People_178_h.jpg,B,0.49671729208,0.5015956163406372,28,0.0048783242606372235
People_178_h.jpg,C,0.29540420891200003,0.3017980456352234,13,0.006393836723223356
People_178_h.jpg,D,0.21487897564480002,0.22416026890277863,9,0.009281293257978607
People_178_h.jpg,E,0.1611954868,0.1558171510696411,6,0.005378335730358896
People_179_h.jpg,A,1,1,None,0
People_179_h.jpg,B,0.49671729208,0.4965977072715759,22,0.00011958480842405583
People_179_h.jpg,C,0.29540420891200003,0.29149970412254333,9,0.0039045047894566975
People_179_h.jpg,D,0.21487897564480002,0.22456815838813782,6,0.009689182743337799
People_179_h.jpg,E,0.1611954868,0.1708548218011856,4,0.009659335001185598
People_180_h.jpg,A,1,1,None,0
People_180_h.jpg,B,0.49671729208,0.4988371431827545,26,0.002119851102754533
People_180_h.jpg,C,0.29540420891200003,0.3030218780040741,12,0.007617669092074064
People_180_h.jpg,D,0.21487897564480002,0.22199557721614838,8,0.007116601571348358
People_180_h.jpg,E,0.1611954868,0.1515754908323288,5,0.009619995967671213
People_181_v.jpg,A,1,1,None,0
People_181_v.jpg,B,0.49671729208,0.49377697706222534,21,0.0029403150177746418
People_181_v.jpg,C,0.29540420891200003,0.29031071066856384,9,0.00509349824343619
People_181_v.jpg,D,0.21487897564480002,0.21507267653942108,6,0.00019370089462106277
People_181_v.jpg,E,0.1611954868,0.15738888084888458,4,0.003806605951115427
People_182_h.jpg,A,1,1,None,0
People_182_h.jpg,B,0.49671729208,0.4928998351097107,23,0.00381745697028929
People_182_h.jpg,C,0.29540420891200003,0.2948012948036194,10,0.0006029141083806477
People_182_h.jpg,D,0.21487897564480002,0.2054874151945114,6,0.009391560450288605
People_182_h.jpg,E,0.1611954868,0.14859598875045776,4,0.012599498049542246
People_183_h.jpg,A,1,1,None,0
People_183_h.jpg,B,0.49671729208,0.49098703265190125,20,0.0057302594280987385
People_183_h.jpg,C,0.29540420891200003,0.30275076627731323,8,0.0073465573653132
People_183_h.jpg,D,0.21487897564480002,0.22596241533756256,5,0.011083439692762542
People_183_h.jpg,E,0.1611954868,0.16107305884361267,3,0.00012242795638733872
People_184_h.jpg,A,1,1,None,0
People_184_h.jpg,B,0.49671729208,0.4974321126937866,24,0.0007148206137866375
People_184_h.jpg,C,0.29540420891200003,0.2920815348625183,10,0.003322674049481722
People_184_h.jpg,D,0.21487897564480002,0.22300048172473907,7,0.008121506079939056
People_184_h.jpg,E,0.1611954868,0.16898630559444427,5,0.007790818794444265
People_185_h.jpg,A,1,1,None,0
People_185_h.jpg,B,0.49671729208,0.4996817111968994,22,0.0029644191168994305
People_185_h.jpg,C,0.29540420891200003,0.30126529932022095,10,0.005861090408220915
People_185_h.jpg,D,0.21487897564480002,0.22555524110794067,7,0.010676265463140655
People_185_h.jpg,E,0.1611954868,0.16703413426876068,5,0.0058386474687606715
People_186_h.jpg,A,1,1,None,0
People_186_h.jpg,B,0.49671729208,0.4950428903102875,21,0.001674401769712508
People_186_h.jpg,C,0.29540420891200003,0.29543766379356384,9,3.345488156381027e-05
People_186_h.jpg,D,0.21487897564480002,0.2216162234544754,6,0.006737247809675384
People_186_h.jpg,E,0.1611954868,0.16302527487277985,4,0.0018297880727798366
People_187_h.jpg,A,1,1,None,0
People_187_h.jpg,B,0.49671729208,0.4948064088821411,23,0.0019108831978588703
People_187_h.jpg,C,0.29540420891200003,0.30354103446006775,10,0.008136825548067717
People_187_h.jpg,D,0.21487897564480002,0.2081376314163208,6,0.006741344228479218
People_187_h.jpg,E,0.1611954868,0.15048711001873016,4,0.010708376781269846
People_188_h.jpg,A,1,1,None,0
People_188_h.jpg,B,0.49671729208,0.4959600567817688,19,0.0007572352982311847
People_188_h.jpg,C,0.29540420891200003,0.28937336802482605,7,0.006030840887173983
People_188_h.jpg,D,0.21487897564480002,0.19895505905151367,4,0.015923916593286347
People_188_h.jpg,E,0.1611954868,0.16179215908050537,3,0.0005966722805053615
People_189_h.jpg,A,1,1,None,0
People_189_h.jpg,B,0.49671729208,0.49353060126304626,23,0.003186690816953719
People_189_h.jpg,C,0.29540420891200003,0.2923632264137268,9,0.003040982498273226
People_189_h.jpg,D,0.21487897564480002,0.22047390043735504,6,0.005594924792555023
People_189_h.jpg,E,0.1611954868,0.16270765662193298,4,0.0015121698219329738
People_190_h.jpg,A,1,1,None,0
People_190_h.jpg,B,0.49671729208,0.5025939345359802,23,0.005876642455980241
People_190_h.jpg,C,0.29540420891200003,0.303957462310791,10,0.008553253398790983
People_190_h.jpg,D,0.21487897564480002,0.20522403717041016,6,0.009654938474389863
People_190_h.jpg,E,0.1611954868,0.17533880472183228,5,0.014143317921832266
People_191_h.jpg,A,1,1,None,0
People_191_h.jpg,B,0.49671729208,0.4919393062591553,22,0.00477798582084471
People_191_h.jpg,C,0.29540420891200003,0.30077147483825684,10,0.005367265926256803
People_191_h.jpg,D,0.21487897564480002,0.20368753373622894,6,0.011191441908571076
People_191_h.jpg,E,0.1611954868,0.1731705367565155,5,0.011975049956515493
People_192_h.jpg,A,1,1,None,0
People_192_h.jpg,B,0.49671729208,0.4950239360332489,21,0.0016933560467510822
People_192_h.jpg,C,0.29540420891200003,0.2835615575313568,9,0.011842651380643221
People_192_h.jpg,D,0.21487897564480002,0.20839644968509674,6,0.006482525959703278
People_192_h.jpg,E,0.1611954868,0.14839045703411102,4,0.012805029765888987
People_193_h.jpg,A,1,1,None,0
People_193_h.jpg,B,0.49671729208,0.4937688112258911,38,0.0029484808541088703
People_193_h.jpg,C,0.29540420891200003,0.2913029193878174,15,0.00410128952418265
People_193_h.jpg,D,0.21487897564480002,0.21012920141220093,9,0.004749774232599091
People_193_h.jpg,E,0.1611954868,0.15748879313468933,6,0.0037066936653106786
People_194_h.jpg,A,1,1,None,0
People_194_h.jpg,B,0.49671729208,0.49775922298431396,24,0.0010419309043139813
People_194_h.jpg,C,0.29540420891200003,0.29155856370925903,10,0.0038456452027409993
People_194_h.jpg,D,0.21487897564480002,0.20625965297222137,6,0.008619322672578644
People_194_h.jpg,E,0.1611954868,0.15211805701255798,4,0.009077429787442026
People_195_h.jpg,A,1,1,None,0
People_195_h.jpg,B,0.49671729208,0.49956727027893066,21,0.0028499781989306805
People_195_h.jpg,C,0.29540420891200003,0.30492103099823,9,0.009516822086229948
People_195_h.jpg,D,0.21487897564480002,0.22926358878612518,6,0.014384613141325164
People_195_h.jpg,E,0.1611954868,0.16310392320156097,4,0.0019084364015609645
People_196_h.jpg,A,1,1,None,0
People_196_h.jpg,B,0.49671729208,0.49141621589660645,20,0.005301076183393538
People_196_h.jpg,C,0.29540420891200003,0.29496094584465027,9,0.00044326306734976395
People_196_h.jpg,D,0.21487897564480002,0.2226400375366211,6,0.007761061891821075
People_196_h.jpg,E,0.1611954868,0.15974915027618408,4,0.0014463365238159276
People_197_h.jpg,A,1,1,None,0
People_197_h.jpg,B,0.49671729208,0.4982791244983673,27,0.001561832418367326
People_197_h.jpg,C,0.29540420891200003,0.2887631058692932,12,0.00664110304270682
People_197_h.jpg,D,0.21487897564480002,0.2250026911497116,9,0.01012371550491159
People_197_h.jpg,E,0.1611954868,0.14884528517723083,6,0.012350201622769175
People_198_h.jpg,A,1,1,None,0
People_198_h.jpg,B,0.49671729208,0.4948113262653351,24,0.0019059658146649006
People_198_h.jpg,C,0.29540420891200003,0.2988973557949066,11,0.0034931468829065837
People_198_h.jpg,D,0.21487897564480002,0.20697782933712006,7,0.007901146307679963
People_198_h.jpg,E,0.1611954868,0.15404409170150757,5,0.007151395098492441
People_199_v.jpg,A,1,1,None,0
People_199_v.jpg,B,0.49671729208,0.49352383613586426,29,0.0031934559441357258
People_199_v.jpg,C,0.29540420891200003,0.3001033663749695,14,0.00469915746296945
People_199_v.jpg,D,0.21487897564480002,0.21288087964057922,9,0.001998096004220795
People_199_v.jpg,E,0.1611954868,0.1547257900238037,6,0.006469696776196299
People_200_h.jpg,A,1,1,None,0
People_200_h.jpg,B,0.49671729208,0.5025008916854858,21,0.005783599605485856
People_200_h.jpg,C,0.29540420891200003,0.2856886088848114,8,0.009715600027188631
People_200_h.jpg,D,0.21487897564480002,0.20235590636730194,5,0.012523069277498078
People_200_h.jpg,E,0.1611954868,0.16754382848739624,4,0.006348341687396231
People_201_v.jpg,A,1,1,None,0
People_201_v.jpg,B,0.49671729208,0.5002145171165466,26,0.0034972250365466473
People_201_v.jpg,C,0.29540420891200003,0.30747294425964355,9,0.012068735347643522
People_201_v.jpg,D,0.21487897564480002,0.227958545088768,5,0.013079569443967987
People_201_v.jpg,E,0.1611954868,0.16079093515872955,3,0.0004045516412704564
People_202_h.jpg,A,1,1,None,0
People_202_h.jpg,B,0.49671729208,0.5006476044654846,26,0.003930312385484636
People_202_h.jpg,C,0.29540420891200003,0.2851710319519043,11,0.010233176960095736
People_202_h.jpg,D,0.21487897564480002,0.20433910191059113,7,0.010539873734208893
People_202_h.jpg,E,0.1611954868,0.16148827970027924,5,0.0002927929002792262
People_203_v.jpg,A,1,1,None,0
People_203_v.jpg,B,0.49671729208,0.4919661283493042,22,0.004751163730695784
People_203_v.jpg,C,0.29540420891200003,0.2898235023021698,10,0.005580706609830233
People_203_v.jpg,D,0.21487897564480002,0.21845269203186035,7,0.003573716387060333
People_203_v.jpg,E,0.1611954868,0.16582445800304413,5,0.004628971203044119
People_204_v.jpg,A,1,1,None,0
People_204_v.jpg,B,0.49671729208,0.49373340606689453,25,0.0029838860131054523
People_204_v.jpg,C,0.29540420891200003,0.2929805815219879,11,0.0024236273900121175
People_204_v.jpg,D,0.21487897564480002,0.22587856650352478,8,0.010999590858724761
People_204_v.jpg,E,0.1611954868,0.14779797196388245,5,0.013397514836117563
People_205_v.jpg,A,1,1,None,0
People_205_v.jpg,B,0.49671729208,0.5018723011016846,21,0.005155009021684587
People_205_v.jpg,C,0.29540420891200003,0.28691786527633667,9,0.008486343635663363
People_205_v.jpg,D,0.21487897564480002,0.2075292021036148,6,0.007349773541185212
People_205_v.jpg,E,0.1611954868,0.14490461349487305,4,0.016290873305126963
People_206_h.jpg,A,1,1,None,0
People_206_h.jpg,B,0.49671729208,0.4981133043766022,23,0.0013960122966021893
People_206_h.jpg,C,0.29540420891200003,0.2851008176803589,10,0.010303391231641146
People_206_h.jpg,D,0.21487897564480002,0.21058081090450287,7,0.00429816474029715
People_206_h.jpg,E,0.1611954868,0.15140214562416077,5,0.009793341175839243
People_207_v.jpg,A,1,1,None,0
People_207_v.jpg,B,0.49671729208,0.49142158031463623,20,0.005295711765363753
People_207_v.jpg,C,0.29540420891200003,0.2976117432117462,9,0.0022075342997461833
People_207_v.jpg,D,0.21487897564480002,0.2138175368309021,6,0.0010614388138979192
People_207_v.jpg,E,0.1611954868,0.15553395450115204,4,0.005661532298847971
People_208_h.jpg,A,1,1,None,0
People_208_h.jpg,B,0.49671729208,0.5003347396850586,27,0.00361744760505861
People_208_h.jpg,C,0.29540420891200003,0.2966029942035675,11,0.0011987852915674724
People_208_h.jpg,D,0.21487897564480002,0.20729951560497284,7,0.007579460039827179
People_208_h.jpg,E,0.1611954868,0.15508727729320526,5,0.006108209506794748
People_209_v.jpg,A,1,1,None,0
People_209_v.jpg,B,0.49671729208,0.4927397668361664,29,0.003977525243833602
People_209_v.jpg,C,0.29540420891200003,0.3018893599510193,14,0.006485151039019255
People_209_v.jpg,D,0.21487897564480002,0.21644724905490875,9,0.0015682734101087337
People_209_v.jpg,E,0.1611954868,0.1589139848947525,6,0.002281501905247507
People_210_h.jpg,A,1,1,None,0
People_210_h.jpg,B,0.49671729208,0.5012115240097046,28,0.004494231929704606
People_210_h.jpg,C,0.29540420891200003,0.2901926636695862,13,0.005211545242413851
People_210_h.jpg,D,0.21487897564480002,0.21611212193965912,9,0.0012331462948590999
People_210_h.jpg,E,0.1611954868,0.15616139769554138,6,0.005034089104458628
People_211_v.jpg,A,1,1,None,0
People_211_v.jpg,B,0.49671729208,0.49954262375831604,27,0.0028253316783160565
People_211_v.jpg,C,0.29540420891200003,0.29120200872421265,12,0.004202200187787386
People_211_v.jpg,D,0.21487897564480002,0.21603204309940338,8,0.0011530674546033626
People_211_v.jpg,E,0.1611954868,0.15027906000614166,5,0.010916426793858347
People_212_h.jpg,A,1,1,None,0
People_212_h.jpg,B,0.49671729208,0.49558600783348083,23,0.0011312842465191486
People_212_h.jpg,C,0.29540420891200003,0.30062469840049744,11,0.005220489488497404
People_212_h.jpg,D,0.21487897564480002,0.21434585750102997,7,0.0005331181437700505
People_212_h.jpg,E,0.1611954868,0.1670955866575241,5,0.005900099857524099
People_213_v.jpg,A,1,1,None,0
People_213_v.jpg,B,0.49671729208,0.501220166683197,28,0.004502874603197038
People_213_v.jpg,C,0.29540420891200003,0.28605735301971436,12,0.009346855892285677
People_213_v.jpg,D,0.21487897564480002,0.20445381104946136,8,0.010425164595338654
People_213_v.jpg,E,0.1611954868,0.1574837863445282,6,0.0037117004554718114
People_214_h.jpg,A,1,1,None,0
People_214_h.jpg,B,0.49671729208,0.5026569366455078,21,0.005939644565507829
People_214_h.jpg,C,0.29540420891200003,0.2870383858680725,8,0.008365823043927523
People_214_h.jpg,D,0.21487897564480002,0.2033381164073944,5,0.01154085923740561
People_214_h.jpg,E,0.1611954868,0.16720233857631683,4,0.006006851776316824
People_215_h.jpg,A,1,1,None,0
People_215_h.jpg,B,0.49671729208,0.498435914516449,27,0.001718622436448991
People_215_h.jpg,C,0.29540420891200003,0.2988046705722809,12,0.0034004616602808513
People_215_h.jpg,D,0.21487897564480002,0.21604058146476746,8,0.0011616058199674373
People_215_h.jpg,E,0.1611954868,0.17017197608947754,6,0.00897648928947753
People_216_h.jpg,A,1,1,None,0
People_216_h.jpg,B,0.49671729208,0.4961904287338257,21,0.0005268633461743
People_216_h.jpg,C,0.29540420891200003,0.28975141048431396,9,0.005652798427686068
People_216_h.jpg,D,0.21487897564480002,0.21370647847652435,6,0.0011724971682756657
People_216_h.jpg,E,0.1611954868,0.15582001209259033,4,0.005375474707409678
People_217_h.jpg,A,1,1,None,0
People_217_h.jpg,B,0.49671729208,0.4907774329185486,37,0.0059398591614514
People_217_h.jpg,C,0.29540420891200003,0.29272010922431946,18,0.0026840996876805745
People_217_h.jpg,D,0.21487897564480002,0.21407043933868408,12,0.0008085363061159367
People_217_h.jpg,E,0.1611954868,0.15448564291000366,8,0.0067098438899963475
People_218_v.jpg,A,1,1,None,0
People_218_v.jpg,B,0.49671729208,0.5014312863349915,21,0.0047139942549914715
People_218_v.jpg,C,0.29540420891200003,0.29949644207954407,10,0.004092233167544035
People_218_v.jpg,D,0.21487897564480002,0.22149427235126495,7,0.006615296706464935
People_218_v.jpg,E,0.1611954868,0.1597617268562317,5,0.0014337599437683202
People_219_h.jpg,A,1,1,None,0
People_219_h.jpg,B,0.49671729208,0.5029224157333374,28,0.006205123653337419
People_219_h.jpg,C,0.29540420891200003,0.29974693059921265,14,0.004342721687212614
People_219_h.jpg,D,0.21487897564480002,0.22458013892173767,10,0.009701163276937652
People_219_h.jpg,E,0.1611954868,0.16339640319347382,7,0.0022009163934738063
People_220_h.jpg,A,1,1,None,0
People_220_h.jpg,B,0.49671729208,0.5015965700149536,33,0.00487927793495363
People_220_h.jpg,C,0.29540420891200003,0.2939651608467102,15,0.0014390480652898274
People_220_h.jpg,D,0.21487897564480002,0.21665842831134796,10,0.0017794526665479427
People_220_h.jpg,E,0.1611954868,0.15939664840698242,7,0.0017988383930175877
People_221_h.jpg,A,1,1,None,0
People_221_h.jpg,B,0.49671729208,0.5037084221839905,22,0.006991130103990495
People_221_h.jpg,C,0.29540420891200003,0.2871115505695343,10,0.00829265834246573
People_221_h.jpg,D,0.21487897564480002,0.2080317884683609,7,0.006847187176439118
People_221_h.jpg,E,0.1611954868,0.15086829662322998,5,0.01032719017677003
People_222_h.jpg,A,1,1,None,0
People_222_h.jpg,B,0.49671729208,0.4969199299812317,23,0.00020263790123170589
People_222_h.jpg,C,0.29540420891200003,0.2892175018787384,10,0.006186707033261629
People_222_h.jpg,D,0.21487897564480002,0.22316385805606842,7,0.008284882411268402
People_222_h.jpg,E,0.1611954868,0.15101800858974457,4,0.010177478210255442
People_223_h.jpg,A,1,1,None,0
People_223_h.jpg,B,0.49671729208,0.5010982155799866,30,0.004380923499986589
People_223_h.jpg,C,0.29540420891200003,0.2999475598335266,13,0.004543350921526579
People_223_h.jpg,D,0.21487897564480002,0.20974434912204742,8,0.0051346265227525945
People_223_h.jpg,E,0.1611954868,0.16999885439872742,6,0.008803367598727407
People_224_h.jpg,A,1,1,None,0
People_224_h.jpg,B,0.49671729208,0.4934538006782532,30,0.0032634914017468097
People_224_h.jpg,C,0.29540420891200003,0.29935380816459656,13,0.003949599252596525
People_224_h.jpg,D,0.21487897564480002,0.21159900724887848,8,0.0032799683959215398
People_224_h.jpg,E,0.1611954868,0.17016014456748962,6,0.008964657767489614
People_225_h.jpg,A,1,1,None,0
People_225_h.jpg,B,0.49671729208,0.5002210736274719,21,0.0035037815474719403
People_225_h.jpg,C,0.29540420891200003,0.3008342683315277,9,0.0054300594195276775
People_225_h.jpg,D,0.21487897564480002,0.2225174456834793,6,0.00763847003867929
People_225_h.jpg,E,0.1611954868,0.15468274056911469,4,0.0065127462308853246
People_226_h.jpg,A,1,1,None,0
People_226_h.jpg,B,0.49671729208,0.49875468015670776,22,0.00203738807670778
People_226_h.jpg,C,0.29540420891200003,0.28687211871147156,9,0.008532090200528475
People_226_h.jpg,D,0.21487897564480002,0.21088945865631104,6,0.003989516988488984
People_226_h.jpg,E,0.1611954868,0.15791107714176178,4,0.00328440965823823
People_227_h.jpg,A,1,1,None,0
People_227_h.jpg,B,0.49671729208,0.4988742470741272,27,0.0021569549941272137
People_227_h.jpg,C,0.29540420891200003,0.2887779176235199,12,0.006626291288480135
People_227_h.jpg,D,0.21487897564480002,0.21188023686408997,8,0.002998738780710053
People_227_h.jpg,E,0.1611954868,0.1654329150915146,6,0.004237428291514578
People_228_h.jpg,A,1,1,None,0
People_228_h.jpg,B,0.49671729208,0.5019257068634033,27,0.005208414783403337
People_228_h.jpg,C,0.29540420891200003,0.2863551378250122,12,0.009049071086987825
People_228_h.jpg,D,0.21487897564480002,0.20832672715187073,8,0.006552248492929291
People_228_h.jpg,E,0.1611954868,0.16657060384750366,6,0.0053751170475036525
People_229_h.jpg,A,1,1,None,0
People_229_h.jpg,B,0.49671729208,0.4912394881248474,27,0.0054778039551525715
People_229_h.jpg,C,0.29540420891200003,0.30414387583732605,13,0.008739666925326017
People_229_h.jpg,D,0.21487897564480002,0.20601050555706024,8,0.008868470087739777
People_229_h.jpg,E,0.1611954868,0.16682498157024384,6,0.005629494770243826
People_230_h.jpg,A,1,1,None,0
People_230_h.jpg,B,0.49671729208,0.4954661428928375,26,0.0012511491871624592
People_230_h.jpg,C,0.29540420891200003,0.30359774827957153,12,0.0081935393675715
People_230_h.jpg,D,0.21487897564480002,0.2012178599834442,7,0.013661115661355805
People_230_h.jpg,E,0.1611954868,0.15936817228794098,5,0.0018273145120590306
People_231_h.jpg,A,1,1,None,0
People_231_h.jpg,B,0.49671729208,0.5020523071289062,22,0.005335015048906266
People_231_h.jpg,C,0.29540420891200003,0.2980298697948456,9,0.0026256608828455485
People_231_h.jpg,D,0.21487897564480002,0.22227425873279572,6,0.0073952830879956966
People_231_h.jpg,E,0.1611954868,0.15816639363765717,4,0.003029093162342844
People_232_h.jpg,A,1,1,None,0
People_232_h.jpg,B,0.49671729208,0.49254634976387024,25,0.004170942316129744
People_232_h.jpg,C,0.29540420891200003,0.28611674904823303,11,0.009287459863767
People_232_h.jpg,D,0.21487897564480002,0.2241305112838745,8,0.009251535639074493
People_232_h.jpg,E,0.1611954868,0.15389974415302277,5,0.0072957426469772435
People_233_h.jpg,A,1,1,None,0
People_233_h.jpg,B,0.49671729208,0.492748498916626,21,0.003968793163374007
People_233_h.jpg,C,0.29540420891200003,0.30690670013427734,10,0.011502491222277311
People_233_h.jpg,D,0.21487897564480002,0.2036965787410736,6,0.01118239690372641
People_233_h.jpg,E,0.1611954868,0.17181892693042755,5,0.010623440130427542
People_234_h.jpg,A,1,1,None,0
People_234_h.jpg,B,0.49671729208,0.49780163168907166,29,0.0010843396090716717
People_234_h.jpg,C,0.29540420891200003,0.2967349886894226,13,0.001330779777422575
People_234_h.jpg,D,0.21487897564480002,0.20528127253055573,8,0.009597703114244294
People_234_h.jpg,E,0.1611954868,0.16408032178878784,6,0.002884834988787832
People_235_h.jpg,A,1,1,None,0
People_235_h.jpg,B,0.49671729208,0.49965009093284607,28,0.0029327988528460858
People_235_h.jpg,C,0.29540420891200003,0.29629555344581604,11,0.0008913445338160075
People_235_h.jpg,D,0.21487897564480002,0.21452051401138306,7,0.00035846163341696213
People_235_h.jpg,E,0.1611954868,0.1664256602525711,5,0.005230173452571096
People_236_v.jpg,A,1,1,None,0
People_236_v.jpg,B,0.49671729208,0.4966725707054138,21,4.472137458616521e-05
People_236_v.jpg,C,0.29540420891200003,0.3054857850074768,10,0.010081576095476774
People_236_v.jpg,D,0.21487897564480002,0.20154760777950287,6,0.01333136786529715
People_236_v.jpg,E,0.1611954868,0.17248466610908508,5,0.011289179309085073
People_237_h.jpg,A,1,1,None,0
People_237_h.jpg,B,0.49671729208,0.4999690651893616,27,0.0032517731093615887
People_237_h.jpg,C,0.29540420891200003,0.29128217697143555,12,0.004122031940564486
People_237_h.jpg,D,0.21487897564480002,0.20623962581157684,8,0.008639349833223176
People_237_h.jpg,E,0.1611954868,0.15898923575878143,6,0.0022062510412185765
People_238_h.jpg,A,1,1,None,0
People_238_h.jpg,B,0.49671729208,0.4921692907810211,22,0.004548001298978865
People_238_h.jpg,C,0.29540420891200003,0.2978016436100006,9,0.002397434698000578
People_238_h.jpg,D,0.21487897564480002,0.22540979087352753,6,0.010530815228727508
People_238_h.jpg,E,0.1611954868,0.16142135858535767,4,0.0002258717853576564
People_239_h.jpg,A,1,1,None,0
People_239_h.jpg,B,0.49671729208,0.49946877360343933,24,0.0027514815234393475
People_239_h.jpg,C,0.29540420891200003,0.2907179594039917,11,0.004686249508008333
People_239_h.jpg,D,0.21487897564480002,0.22024139761924744,8,0.005362421974447418
People_239_h.jpg,E,0.1611954868,0.1653863489627838,6,0.004190862162783804
People_240_h.jpg,A,1,1,None,0
People_240_h.jpg,B,0.49671729208,0.5020574927330017,28,0.005340200653001725
People_240_h.jpg,C,0.29540420891200003,0.2856046259403229,12,0.009799582971677157
People_240_h.jpg,D,0.21487897564480002,0.20886874198913574,8,0.006010233655664277
People_240_h.jpg,E,0.1611954868,0.1634010523557663,6,0.0022055655557662868
People_241_h.jpg,A,1,1,None,0
People_241_h.jpg,B,0.49671729208,0.49227002263069153,25,0.004447269449308455
People_241_h.jpg,C,0.29540420891200003,0.28784680366516113,11,0.0075574052468389
People_241_h.jpg,D,0.21487897564480002,0.2196735143661499,8,0.004794538721349884
People_241_h.jpg,E,0.1611954868,0.1710284799337387,6,0.009832993133738699
People_242_v.jpg,A,1,1,None,0
People_242_v.jpg,B,0.49671729208,0.49576833844184875,23,0.0009489536381512287
People_242_v.jpg,C,0.29540420891200003,0.29704228043556213,10,0.0016380715235621013
People_242_v.jpg,D,0.21487897564480002,0.2258090078830719,7,0.01093003223827188
People_242_v.jpg,E,0.1611954868,0.1717929095029831,5,0.010597422702983084
People_243_h.jpg,A,1,1,None,0
People_243_h.jpg,B,0.49671729208,0.4944946765899658,27,0.0022226154900341633
People_243_h.jpg,C,0.29540420891200003,0.28520768880844116,12,0.01019652010355887
People_243_h.jpg,D,0.21487897564480002,0.22250248491764069,9,0.007623509272840667
People_243_h.jpg,E,0.1611954868,0.15306831896305084,6,0.008127167836949167
People_244_v.jpg,A,1,1,None,0
People_244_v.jpg,B,0.49671729208,0.49922052025794983,32,0.0025032281779498455
People_244_v.jpg,C,0.29540420891200003,0.296872615814209,15,0.0014684069022089519
People_244_v.jpg,D,0.21487897564480002,0.2164582461118698,10,0.0015792704670697932
People_244_v.jpg,E,0.1611954868,0.1634375900030136,7,0.0022421032030136012
People_245_v.jpg,A,1,1,None,0
People_245_v.jpg,B,0.49671729208,0.4964616298675537,32,0.00025566221244627263
People_245_v.jpg,C,0.29540420891200003,0.2966655492782593,15,0.0012613403662592448
People_245_v.jpg,D,0.21487897564480002,0.21246372163295746,10,0.0024152540118425603
People_245_v.jpg,E,0.1611954868,0.15330705046653748,7,0.007888436333462534
People_246_h.jpg,A,1,1,None,0
People_246_h.jpg,B,0.49671729208,0.4915640354156494,23,0.0051532566643505695
People_246_h.jpg,C,0.29540420891200003,0.3048548996448517,11,0.009450690732851652
People_246_h.jpg,D,0.21487897564480002,0.21086116135120392,7,0.0040178142935961
People_246_h.jpg,E,0.1611954868,0.15430159866809845,5,0.00689388813190156
People_247_v.jpg,A,1,1,None,0
People_247_v.jpg,B,0.49671729208,0.5003781318664551,31,0.0036608397864550946
People_247_v.jpg,C,0.29540420891200003,0.2879733145236969,15,0.007430894388303133
People_247_v.jpg,D,0.21487897564480002,0.21694976091384888,11,0.002070785269048858
People_247_v.jpg,E,0.1611954868,0.158187136054039,8,0.003008350745961008
People_248_h.jpg,A,1,1,None,0
People_248_h.jpg,B,0.49671729208,0.4988298714160919,25,0.0021125793360919354
People_248_h.jpg,C,0.29540420891200003,0.3042146861553192,12,0.008810477243319181
People_248_h.jpg,D,0.21487897564480002,0.2218383252620697,8,0.006959349617269683
People_248_h.jpg,E,0.1611954868,0.15090790390968323,5,0.010287582890316782
People_249_h.jpg,A,1,1,None,0
People_249_h.jpg,B,0.49671729208,0.49213290214538574,20,0.004584389934614241
People_249_h.jpg,C,0.29540420891200003,0.28673818707466125,9,0.008666021837338778
People_249_h.jpg,D,0.21487897564480002,0.2083936631679535,6,0.0064853124768465276
People_249_h.jpg,E,0.1611954868,0.15181483328342438,4,0.009380653516575632
People_250_h.jpg,A,1,1,None,0
People_250_h.jpg,B,0.49671729208,0.49625706672668457,24,0.00046022535331541325
People_250_h.jpg,C,0.29540420891200003,0.3044763207435608,11,0.009072111831560759
People_250_h.jpg,D,0.21487897564480002,0.2163459062576294,7,0.0014669306128293758
People_250_h.jpg,E,0.1611954868,0.17131821811199188,5,0.010122731311991873
